Wavelengths,R1R
380,0.0
381,0.0
382,0.0
383,0.0
384,0.0014260546626951402
385,0.0002039901448433383
386,0.0
387,0.0
388,0.0
389,0.0
390,0.0
391,0.0
392,0.0
393,0.0
394,0.0
395,0.0
396,0.0
397,0.0
398,0.0
399,0.00240472554432447
400,0.0026281211278648157
401,0.003658672462883683
402,0.002549745117803611
403,0.00218980819408059
404,0.001889301078602487
405,0.002300684565223217
406,0.0023485849349085663
407,0.0032324327627485687
408,0.003062974889119966
409,0.0034485042245190225
410,0.004933273516558931
411,0.0026897921212053802
412,0.001307904669328199
413,0.00045012274377589066
414,0.0013527242990508616
415,0.002832407808647342
416,0.0026278350506926612
417,0.0036825949997493865
418,0.003349826657345823
419,0.005396124418345169
420,0.0028853143324224276
421,0.004433643638112609
422,0.004051495882798849
423,0.0035374903360775533
424,0.0030310173094564683
425,0.003652647241160972
426,0.0030503873688507164
427,0.0028488421141234736
428,0.0026925874343040174
429,0.003988409082617649
430,0.003706195906605549
431,0.002492189504624964
432,0.003493945107693581
433,0.005658753140846441
434,0.005783488035245594
435,0.0031714973337861746
436,0.003173337739098985
437,0.0028557395538192044
438,0.002989813385241025
439,0.0012381463970962368
440,0.001017701870749669
441,0.001063163624057539
442,0.0020329556276022804
443,0.0024758202832449684
444,0.00283733769354416
445,0.002093635647641993
446,0.0018041182087115653
447,0.0025477159307501075
448,0.0029816648140441058
449,0.0022700360253929547
450,0.0017559533729361286
451,0.001649432602100784
452,0.0011302603495029618
453,0.0014772132986356366
454,0.0013004766111222971
455,0.0011627132408848796
456,0.001291899805973881
457,0.0013455595483798872
458,0.0018828531168224019
459,0.002408578023289878
460,0.0024039492702534644
461,0.001895085901708382
462,0.0015740619154685645
463,0.0017221241758298153
464,0.0016568992671026244
465,0.0019735183808935893
466,0.0022271469280148374
467,0.002076231239046763
468,0.002373885964205328
469,0.002884221686426074
470,0.0029500368616852636
471,0.0029261833608440436
472,0.0028179998853084757
473,0.002288523951302155
474,0.0018414690336840986
475,0.0017251999550011656
476,0.0019561316665810224
477,0.0018154106393512956
478,0.0013807762812449902
479,0.00157181740817205
480,0.0016395454659905002
481,0.0016936533978036004
482,0.0015477928764333134
483,0.0014641068018035072
484,0.001303339793673665
485,0.001433914046733037
486,0.0012393436758069362
487,0.0012242849975687988
488,0.0011259543534459877
489,0.0012095168498671403
490,0.0012728620240206748
491,0.0014794437771418196
492,0.0014903376170559272
493,0.0013981399046737364
494,0.0016655906918209447
495,0.0017690150612138466
496,0.001907386353604533
497,0.0020217641058754877
498,0.0021258490597701202
499,0.0021704413022008463
500,0.0022969475526757963
501,0.002115729580542963
502,0.0019137961368131512
503,0.001633670203327968
504,0.0017211194747510322
505,0.0015519655836876865
506,0.0014227146870389494
507,0.0012755922273959572
508,0.0012066857227032565
509,0.0011917040105755424
510,0.0013690060682266794
511,0.0012923012878795783
512,0.0012640446434006689
513,0.0012525571327694925
514,0.001072848824661494
515,0.001051800864776075
516,0.001054590574439389
517,0.0010780775927736754
518,0.0011390690984369092
519,0.001267848793644868
520,0.0011723069954379724
521,0.001103426870434611
522,0.0011798364919313005
523,0.0011837183913774164
524,0.0010478599843339624
525,0.0010382139736468427
526,0.0012066269492616325
527,0.0012018626154523657
528,0.0011277217853321935
529,0.0011179321085376735
530,0.001109973960566195
531,0.0010888441876483355
532,0.0009932216728294064
533,0.0009964090348279632
534,0.0009586711549196167
535,0.0010885211455043506
536,0.0011251285328261124
537,0.0011460264408835507
538,0.001125347278569377
539,0.0010729206354930625
540,0.0011425661594560935
541,0.001071070899874743
542,0.0011419321747169798
543,0.0011839625677879501
544,0.0013672959241144242
545,0.001329200319972084
546,0.0014334141889827384
547,0.0015250112986232667
548,0.0015208363577886583
549,0.0015681473088428252
550,0.001698094617333331
551,0.0017637163510442375
552,0.0018111147634906862
553,0.0019170008963163294
554,0.002047984001685652
555,0.0021692675282963436
556,0.0022192896881381165
557,0.0024096571681368807
558,0.0026194558867771575
559,0.0028047768388794634
560,0.003062038170873488
561,0.0033485086486561852
562,0.0036371647115762415
563,0.00392461178898219
564,0.004340447066529178
565,0.004865663330210673
566,0.0053879072667618235
567,0.00605338032207156
568,0.0067280104774616704
569,0.007615150021669153
570,0.008639360100847258
571,0.00992028445254416
572,0.011380613215264387
573,0.013206731136600806
574,0.015564792664090594
575,0.018537310456529104
576,0.022197093134125635
577,0.026989904310356288
578,0.03302289574239668
579,0.041057539327498484
580,0.051506192472930486
581,0.06560834836967712
582,0.08397276377405606
583,0.10860822095967215
584,0.14092575748429256
585,0.1830739742361104
586,0.23840280085806398
587,0.3087116026574687
588,0.39352399683861883
589,0.49297573462891214
590,0.600699014578357
591,0.7072941394764773
592,0.8034914573916474
593,0.8807809844176792
594,0.9352490109482529
595,0.968951175169952
596,0.9878148463931273
597,0.9969098299922475
598,1.0
599,0.9994450771438694
600,0.99667766092168
601,0.9931283784599773
602,0.9891141880173333
603,0.9850473082645627
604,0.9811174533731072
605,0.9770919175327509
606,0.973155979944242
607,0.9696562449574675
608,0.9663740834185988
609,0.9633719390455422
610,0.9603196309491047
611,0.9572201358634042
612,0.9539912190352756
613,0.9508796707789763
614,0.9476350487521122
615,0.9443400606782468
616,0.9407863291358219
617,0.9371302438547636
618,0.933622116882143
619,0.9300659633359617
620,0.9261071469169735
621,0.9221936550586189
622,0.9184424534095704
623,0.9150074171474596
624,0.9115823905067119
625,0.9081281795510155
626,0.9047501228178777
627,0.9013800138613508
628,0.8978033868716013
629,0.8940030048452349
630,0.8902050447123638
631,0.8863462297056609
632,0.8825339337077338
633,0.8786954979206347
634,0.8748567143622401
635,0.8710175830325504
636,0.8671781039315655
637,0.8633382770592851
638,0.8593949763953891
639,0.8554683183831061
640,0.8516928611199084
641,0.8478483252125738
642,0.8439264728328748
643,0.8397704127019863
644,0.8358291361749867
645,0.8319962999350203
646,0.8283879059097989
647,0.8245155515581075
648,0.8203633105659625
649,0.8165758770825415
650,0.8127188854336828
651,0.8086969613235298
652,0.8045750968139003
653,0.8010435061894147
654,0.7974171071372331
655,0.7937784623390345
656,0.7901398175408356
657,0.7863956837319446
658,0.7827778193428366
659,0.7791963990346136
660,0.7755852383480404
661,0.7714541193485871
662,0.7669611696241811
663,0.7621048003072919
664,0.7575702878091284
665,0.7528313011706094
666,0.7480832426007256
667,0.7435721588603924
668,0.7391333320356428
669,0.7344125688371024
670,0.7294824168865353
671,0.7253414353366577
672,0.7215056903963107
673,0.717703123239293
674,0.7139893318448564
675,0.7100718110695574
676,0.7061442600646287
677,0.7022247714617657
678,0.6981084269408482
679,0.6938532951717572
680,0.6896030934116216
681,0.685020461463018
682,0.6801615967669333
683,0.6752644343515812
684,0.6704255080963702
685,0.6660230810471588
686,0.6618582151616138
687,0.6577468944799966
688,0.6545660172265858
689,0.6513420775518205
690,0.6474970775223919
691,0.6422964791956278
692,0.6338065752065899
693,0.6193650402575748
694,0.5957230128558068
695,0.5602334657234818
696,0.5111500940418853
697,0.44981846501162065
698,0.38070745484329316
699,0.31050972992502784
700,0.24570044172092367
701,0.19049506591408916
702,0.1462945946861682
703,0.11208405117493535
704,0.08565364534156528
705,0.06588957308803835
706,0.05107842807335208
707,0.03999364964603356
708,0.03165043005808659
709,0.02531810339777513
710,0.020528295016409848
711,0.01683675233557631
712,0.013997963985114069
713,0.011772252367088466
714,0.010029922971591278
715,0.008657711887772477
716,0.007449460686170304
717,0.00645927709572513
718,0.005679510684890004
719,0.0050779564131840475
720,0.004507238164785629
721,0.004111687646271623
722,0.0037962684243922646
723,0.0034964110385653628
724,0.0031805626957378506
725,0.002933781954327631
726,0.002708878834683618
727,0.0025318297105535953
728,0.002392048279290615
729,0.0022870359672971887
730,0.002140897499455342
731,0.002001451738452208
732,0.001856933525017933
733,0.0018031961460946236
734,0.001772374356185198
735,0.001715387171237324
736,0.0016876380541280109
737,0.0017223530789467827
738,0.001715404055178106
739,0.001678417359370504
740,0.001646194358517878
741,0.001631600048019887
742,0.0016808185415326453
743,0.0016810880177781816
744,0.0017532760492821886
745,0.0018504568133969387
746,0.0019003962114262632
747,0.002006849927714672
748,0.0020991467232269545
749,0.0021210098518358324
750,0.0021341780258209556
751,0.0021480578374330544
752,0.002173952929571665
753,0.002265832448081918
754,0.0022993435917884166
755,0.00224035023663975
756,0.0022381892640226434
757,0.002170611815351472
758,0.0020878617713889986
759,0.001951539721520723
760,0.0018229225830152654
761,0.0017035540089576275
762,0.001615755510554846
763,0.0015050681479907057
764,0.0013838611234782095
765,0.0013154515512272763
766,0.0013120647666680664
767,0.001255422997960246
768,0.0011981588267037273
769,0.0011786779129957102
770,0.0011081346591814898
771,0.0010311152181866287
772,0.001012365332008975
773,0.0009958065427754393
774,0.0010392005270912134
775,0.0010424326872841988
776,0.0009387480187771625
777,0.000882297268761384
778,0.0008982796915344137
779,0.0008233000235988635
780,0.000864663952053224
781,0.000921642025207262
782,0.001045557613971703
783,0.0010084962763695323
784,0.0009333779287040675
785,0.0009518606201999008
786,0.0009873630846952473
787,0.0009519715132359298
788,0.0008747788178748753
789,0.0008753826335066383
790,0.0009413585131326835
791,0.0009490216227079802
792,0.0009305039064826698
793,0.0009186214617125121
794,0.00088517943091302
795,0.0008547915689988171
796,0.0008442305759826604
797,0.000855594651137588
798,0.0008260183186432958
799,0.0008132974181475763
800,0.000778542163699758
801,0.0007115732928472501
802,0.0007220626905296198
803,0.0008072721953607005
804,0.0007792096469483176
805,0.0006627686494108074
806,0.0005745461431220191
807,0.000568986391948501
808,0.0005609397531667189
809,0.0005921512138746688
810,0.000616475590802992
811,0.0005657919757200812
812,0.0005645920090454077
813,0.0006169665652705657
814,0.0005497954680242356
815,0.00048013264228157485
816,0.000477483159326113
817,0.0004923182109663598
818,0.0004993342770717749
819,0.00047862752169528487
820,0.00047271053395088675
821,0.0004990084433591089
822,0.0004797114915129352
823,0.0005118032494801657
824,0.000520186334682678
825,0.0005081387695208588
826,0.0004797251911442719
827,0.0005243024859569491
828,0.0006258651602737143
829,0.000698642044409467
830,0.0006305672586132154
831,0.0005788555690299623
832,0.0005994535953579214
833,0.000603545468722129
834,0.000608625384386773
835,0.0005402361475174176
836,0.0005310954525080456
837,0.0005590511408237815
838,0.000541727297772202
839,0.000504504972166107
840,0.0005001782462126146
841,0.00047640716601914936
842,0.0004203572615591238
843,0.0004513359649811728
844,0.0004667904584511414
845,0.0005127437219440779
846,0.00045605833663187067
847,0.0004124266747519738
848,0.00041319807374775073
849,0.00042210101669776305
850,0.0004189869159867515
851,0.00034437918988067294
852,0.0003154625273843714
853,0.00035903844599321214
854,0.0003493519469268504
855,0.0003331456751980371
856,0.000348888086159481
857,0.0003635972288503697
858,0.0003473038860640223
859,0.00035391711062317575
860,0.00034110862373745704
861,0.0003403890297028463
862,0.00040860250582661496
863,0.0003807379900784615
864,0.0002814064183119828
865,0.0002515026244163506
866,0.0003221878530930438
867,0.0003647972400568337
868,0.00043400164823072804
869,0.00048722522976712615
870,0.00042434255898697495
871,0.00038207876107710623
872,0.0004525161209945597
873,0.00047252286569397046
874,0.00045835937367343484
875,0.0004622935350451823
876,0.00046065898280469664
877,0.0005030295958784647
878,0.0005759654467716992
879,0.0005264180230762107
880,0.0005063947290676199
881,0.0004970180214122813
882,0.00042643722286771376
883,0.0004253260641303563
884,0.00043704454095055257
885,0.00044771042134342866
886,0.00046322363089247554
887,0.0003812732184737149
888,0.0003344314705542384
889,0.0003222557210382719
890,0.00028251985965642266
891,0.00023296769921117864
892,0.0002176447471596121
893,0.00019157149868977827
894,0.00026130783328109724
895,0.0003044986207333126
896,0.00024534594692448083
897,0.0001930340238989718
898,0.00015910190493781542
899,0.00010153660716403544
900,0.00013213506327158173
901,0.00020874763889933934
902,0.0002467380536689358
903,0.00027431347931469984
904,0.0002687249277776097
905,0.00023918281875559308
906,0.00023489414565105201
907,0.00018693878841768996
908,0.0001543399427057185
909,0.0001579426876995706
910,0.00021755966218553433
911,0.00029451908480529953
912,0.000292939820393489
913,0.00027711811964756554
914,0.00026196433236606983
915,0.0002430753582959873
916,0.00028544617116233676
917,0.0003903662303532951
918,0.0004554372556531616
919,0.00039663107820888185
920,0.0002561567194777258
921,0.00024924362787903534
922,0.00029210358250304503
923,0.00029771835541039836
924,0.0002796454135666337
925,0.00027056682386738027
926,0.00019203192273695407
927,0.00014606817162702868
928,0.0001288641662048174
929,0.00013464784046484827
930,0.000142660960591999
931,8.662506160118602e-05
932,1.4804664421012373e-06
933,0.0
934,1.1498617687925494e-05
935,0.0
936,0.0
937,0.0
938,0.0
939,0.0
940,0.0
941,0.0
942,0.0
943,0.0
944,0.0
945,0.0
946,0.0
947,0.0
948,0.0
949,0.0
950,0.0
951,0.0
952,0.0
953,0.0
954,0.0
955,0.0
956,0.0
957,0.0
958,0.0
959,0.0
960,0.0
961,0.0
962,0.0
963,0.0
964,0.0
965,0.0
966,0.0
967,0.0
968,0.0
969,0.0
970,0.0
971,0.0
972,8.013074664433659e-07
973,1.5521296766245156e-05
974,0.0
975,0.0
976,0.0
977,1.637902777973901e-05
978,0.0
979,0.0
980,0.0
981,0.0
982,0.0
983,0.0
984,0.0
985,0.0
986,0.0
987,0.0
988,0.0
989,0.0
990,0.0
991,0.0
992,0.0
993,0.0
994,0.0
995,0.0
996,0.0
997,0.0
998,0.0
999,0.0
1000,0.0
1001,0.0
1002,0.0
1003,0.0
1004,0.0
1005,0.0
1006,0.0
1007,0.0
1008,0.0
1009,0.0
1010,0.0
1011,0.0
1012,0.0
1013,0.0
1014,0.0
1015,0.0
1016,0.0
1017,0.0
1018,0.0
1019,0.0
1020,0.0
1021,0.0
1022,0.0
1023,0.0
1024,0.0
1025,0.0
1026,0.0
1027,0.0
1028,0.0
1029,0.0
1030,0.0
1031,0.0
1032,0.0
1033,0.0
1034,0.0
1035,0.0
1036,0.0
1037,0.0
1038,0.0
1039,0.0
1040,0.0
1041,0.0
1042,0.0
1043,0.0
1044,0.0
1045,0.0
1046,0.0
1047,0.0
1048,0.0
1049,0.0
1050,0.0
1051,0.0
1052,0.0
1053,0.0
1054,0.0
1055,0.0
1056,0.0
1057,0.0
1058,0.0
1059,0.0
1060,0.0
1061,0.0
1062,0.0
1063,0.0
1064,0.0
1065,-0.0
1066,-0.0
1067,-0.0
1068,-0.0
1069,-0.0
1070,-0.0
1071,-0.0
1072,-0.0
1073,-0.0
1074,-0.0
1075,-0.0
1076,-0.0
1077,-0.0
1078,-0.0
1079,-0.0
1080,-0.0
1081,-0.0
1082,-0.0
1083,-0.0
1084,-0.0
1085,-0.0
1086,-0.0
1087,-0.0
1088,-0.0
1089,-0.0
1090,-0.0
1091,-0.0
1092,-0.0
1093,-0.0
1094,-0.0
1095,-0.0
1096,-0.0
1097,-0.0
1098,-0.0
1099,-0.0
1100,-0.0
