AUPE,,,
HRC,,,
blank,,,
NA,,,
NA,,,
nm,,,
Hoya-C5000 IR Cut,,,
Wavelengths,0,8,16
380,0.865601699,0.865601699,0.865601699
381,0.866900455,0.866900455,0.866900455
382,0.86819921,0.86819921,0.86819921
383,0.869497965,0.869497965,0.869497965
384,0.870796721,0.870796721,0.870796721
385,0.872095476,0.872095476,0.872095476
386,0.873394231,0.873394231,0.873394231
387,0.874692987,0.874692987,0.874692987
388,0.875991742,0.875991742,0.875991742
389,0.877290497,0.877290497,0.877290497
390,0.878475802,0.878475802,0.878475802
391,0.878975039,0.878975039,0.878975039
392,0.879474277,0.879474277,0.879474277
393,0.879973514,0.879973514,0.879973514
394,0.880472751,0.880472751,0.880472751
395,0.880971988,0.880971988,0.880971988
396,0.881471226,0.881471226,0.881471226
397,0.881970463,0.881970463,0.881970463
398,0.8824697,0.8824697,0.8824697
399,0.882968937,0.882968937,0.882968937
400,0.883468175,0.883468175,0.883468175
401,0.883967412,0.883967412,0.883967412
402,0.884466649,0.884466649,0.884466649
403,0.884925439,0.884925439,0.884925439
404,0.885129932,0.885129932,0.885129932
405,0.885334426,0.885334426,0.885334426
406,0.885538919,0.885538919,0.885538919
407,0.885743412,0.885743412,0.885743412
408,0.885947905,0.885947905,0.885947905
409,0.886152398,0.886152398,0.886152398
410,0.886356891,0.886356891,0.886356891
411,0.886561384,0.886561384,0.886561384
412,0.886765878,0.886765878,0.886765878
413,0.886970371,0.886970371,0.886970371
414,0.887174864,0.887174864,0.887174864
415,0.887379357,0.887379357,0.887379357
416,0.88758385,0.88758385,0.88758385
417,0.887788343,0.887788343,0.887788343
418,0.887992837,0.887992837,0.887992837
419,0.888198905,0.888198905,0.888198905
420,0.888424498,0.888424498,0.888424498
421,0.888650091,0.888650091,0.888650091
422,0.888875684,0.888875684,0.888875684
423,0.889101277,0.889101277,0.889101277
424,0.889326871,0.889326871,0.889326871
425,0.889552464,0.889552464,0.889552464
426,0.889778057,0.889778057,0.889778057
427,0.89000365,0.89000365,0.89000365
428,0.890229243,0.890229243,0.890229243
429,0.890454836,0.890454836,0.890454836
430,0.890680429,0.890680429,0.890680429
431,0.890906023,0.890906023,0.890906023
432,0.891131616,0.891131616,0.891131616
433,0.891357209,0.891357209,0.891357209
434,0.891596921,0.891596921,0.891596921
435,0.891848578,0.891848578,0.891848578
436,0.892100235,0.892100235,0.892100235
437,0.892351893,0.892351893,0.892351893
438,0.89260355,0.89260355,0.89260355
439,0.892855207,0.892855207,0.892855207
440,0.893106864,0.893106864,0.893106864
441,0.893358522,0.893358522,0.893358522
442,0.893610179,0.893610179,0.893610179
443,0.893861836,0.893861836,0.893861836
444,0.894113493,0.894113493,0.894113493
445,0.89436515,0.89436515,0.89436515
446,0.894616808,0.894616808,0.894616808
447,0.894868465,0.894868465,0.894868465
448,0.895120122,0.895120122,0.895120122
449,0.895371779,0.895371779,0.895371779
450,0.895623436,0.895623436,0.895623436
451,0.895875093,0.895875093,0.895875093
452,0.896126751,0.896126751,0.896126751
453,0.896378408,0.896378408,0.896378408
454,0.896630065,0.896630065,0.896630065
455,0.896881722,0.896881722,0.896881722
456,0.897133379,0.897133379,0.897133379
457,0.897385036,0.897385036,0.897385036
458,0.897636693,0.897636693,0.897636693
459,0.897888351,0.897888351,0.897888351
460,0.89811477,0.89811477,0.89811477
461,0.898319264,0.898319264,0.898319264
462,0.898523757,0.898523757,0.898523757
463,0.89872825,0.89872825,0.89872825
464,0.898932743,0.898932743,0.898932743
465,0.899137236,0.899137236,0.899137236
466,0.89934173,0.89934173,0.89934173
467,0.899546223,0.899546223,0.899546223
468,0.899750716,0.899750716,0.899750716
469,0.899955209,0.899955209,0.899955209
470,0.900159703,0.900159703,0.900159703
471,0.900364196,0.900364196,0.900364196
472,0.900568689,0.900568689,0.900568689
473,0.900773182,0.900773182,0.900773182
474,0.900977675,0.900977675,0.900977675
475,0.901182169,0.901182169,0.901182169
476,0.901371507,0.901371507,0.901371507
477,0.901543928,0.901543928,0.901543928
478,0.901716348,0.901716348,0.901716348
479,0.901888769,0.901888769,0.901888769
480,0.902061189,0.902061189,0.902061189
481,0.90223361,0.90223361,0.90223361
482,0.90240603,0.90240603,0.90240603
483,0.902578451,0.902578451,0.902578451
484,0.902750872,0.902750872,0.902750872
485,0.902923292,0.902923292,0.902923292
486,0.903095713,0.903095713,0.903095713
487,0.903268133,0.903268133,0.903268133
488,0.903440554,0.903440554,0.903440554
489,0.903612974,0.903612974,0.903612974
490,0.903785395,0.903785395,0.903785395
491,0.903957816,0.903957816,0.903957816
492,0.904130236,0.904130236,0.904130236
493,0.904302657,0.904302657,0.904302657
494,0.904475077,0.904475077,0.904475077
495,0.904510739,0.904510739,0.904510739
496,0.904293154,0.904293154,0.904293154
497,0.904075569,0.904075569,0.904075569
498,0.903857985,0.903857985,0.903857985
499,0.9036404,0.9036404,0.9036404
500,0.903422815,0.903422815,0.903422815
501,0.90320523,0.90320523,0.90320523
502,0.902987646,0.902987646,0.902987646
503,0.902770061,0.902770061,0.902770061
504,0.902552476,0.902552476,0.902552476
505,0.902334891,0.902334891,0.902334891
506,0.902117307,0.902117307,0.902117307
507,0.901899722,0.901899722,0.901899722
508,0.901682137,0.901682137,0.901682137
509,0.901464553,0.901464553,0.901464553
510,0.900811758,0.900811758,0.900811758
511,0.900063723,0.900063723,0.900063723
512,0.899315688,0.899315688,0.899315688
513,0.898567654,0.898567654,0.898567654
514,0.897819619,0.897819619,0.897819619
515,0.897071584,0.897071584,0.897071584
516,0.896323549,0.896323549,0.896323549
517,0.895575514,0.895575514,0.895575514
518,0.89482748,0.89482748,0.89482748
519,0.894079445,0.894079445,0.894079445
520,0.89333141,0.89333141,0.89333141
521,0.892583375,0.892583375,0.892583375
522,0.89183534,0.89183534,0.89183534
523,0.891087306,0.891087306,0.891087306
524,0.890339271,0.890339271,0.890339271
525,0.889591236,0.889591236,0.889591236
526,0.888843201,0.888843201,0.888843201
527,0.888095166,0.888095166,0.888095166
528,0.887347132,0.887347132,0.887347132
529,0.886599097,0.886599097,0.886599097
530,0.885851062,0.885851062,0.885851062
531,0.884870317,0.884870317,0.884870317
532,0.883557921,0.883557921,0.883557921
533,0.882245526,0.882245526,0.882245526
534,0.880933131,0.880933131,0.880933131
535,0.879620736,0.879620736,0.879620736
536,0.878308341,0.878308341,0.878308341
537,0.876995946,0.876995946,0.876995946
538,0.875683551,0.875683551,0.875683551
539,0.874371156,0.874371156,0.874371156
540,0.873058761,0.873058761,0.873058761
541,0.871746366,0.871746366,0.871746366
542,0.870433971,0.870433971,0.870433971
543,0.868977638,0.868977638,0.868977638
544,0.866874684,0.866874684,0.866874684
545,0.864771729,0.864771729,0.864771729
546,0.862668775,0.862668775,0.862668775
547,0.860565821,0.860565821,0.860565821
548,0.858462866,0.858462866,0.858462866
549,0.856359912,0.856359912,0.856359912
550,0.854256958,0.854256958,0.854256958
551,0.852154003,0.852154003,0.852154003
552,0.850051049,0.850051049,0.850051049
553,0.847948094,0.847948094,0.847948094
554,0.845452291,0.845452291,0.845452291
555,0.842537955,0.842537955,0.842537955
556,0.83962362,0.83962362,0.83962362
557,0.836709284,0.836709284,0.836709284
558,0.833794948,0.833794948,0.833794948
559,0.830880612,0.830880612,0.830880612
560,0.827966276,0.827966276,0.827966276
561,0.82505194,0.82505194,0.82505194
562,0.822137604,0.822137604,0.822137604
563,0.819223268,0.819223268,0.819223268
564,0.815823267,0.815823267,0.815823267
565,0.812032011,0.812032011,0.812032011
566,0.808240755,0.808240755,0.808240755
567,0.804449499,0.804449499,0.804449499
568,0.800658243,0.800658243,0.800658243
569,0.796866987,0.796866987,0.796866987
570,0.793075731,0.793075731,0.793075731
571,0.789284475,0.789284475,0.789284475
572,0.784674387,0.784674387,0.784674387
573,0.779991107,0.779991107,0.779991107
574,0.775307827,0.775307827,0.775307827
575,0.770624547,0.770624547,0.770624547
576,0.765941266,0.765941266,0.765941266
577,0.761257986,0.761257986,0.761257986
578,0.756563374,0.756563374,0.756563374
579,0.751645238,0.751645238,0.751645238
580,0.746727102,0.746727102,0.746727102
581,0.741808966,0.741808966,0.741808966
582,0.73689083,0.73689083,0.73689083
583,0.731421733,0.731421733,0.731421733
584,0.725328618,0.725328618,0.725328618
585,0.719235504,0.719235504,0.719235504
586,0.713142389,0.713142389,0.713142389
587,0.707049274,0.707049274,0.707049274
588,0.70095616,0.70095616,0.70095616
589,0.694863045,0.694863045,0.694863045
590,0.688628067,0.688628067,0.688628067
591,0.682299816,0.682299816,0.682299816
592,0.675971565,0.675971565,0.675971565
593,0.669643314,0.669643314,0.669643314
594,0.663315063,0.663315063,0.663315063
595,0.656986812,0.656986812,0.656986812
596,0.650658561,0.650658561,0.650658561
597,0.64433031,0.64433031,0.64433031
598,0.638002058,0.638002058,0.638002058
599,0.631673807,0.631673807,0.631673807
600,0.625345556,0.625345556,0.625345556
601,0.619017305,0.619017305,0.619017305
602,0.612765825,0.612765825,0.612765825
603,0.606629962,0.606629962,0.606629962
604,0.600494098,0.600494098,0.600494098
605,0.594358235,0.594358235,0.594358235
606,0.588222371,0.588222371,0.588222371
607,0.582086508,0.582086508,0.582086508
608,0.575950645,0.575950645,0.575950645
609,0.569814781,0.569814781,0.569814781
610,0.563678918,0.563678918,0.563678918
611,0.557543054,0.557543054,0.557543054
612,0.551407191,0.551407191,0.551407191
613,0.545271328,0.545271328,0.545271328
614,0.539135464,0.539135464,0.539135464
615,0.532999601,0.532999601,0.532999601
616,0.526863737,0.526863737,0.526863737
617,0.520727874,0.520727874,0.520727874
618,0.514592011,0.514592011,0.514592011
619,0.508482514,0.508482514,0.508482514
620,0.502389399,0.502389399,0.502389399
621,0.496296285,0.496296285,0.496296285
622,0.49020317,0.49020317,0.49020317
623,0.484110055,0.484110055,0.484110055
624,0.47801694,0.47801694,0.47801694
625,0.471923826,0.471923826,0.471923826
626,0.465830711,0.465830711,0.465830711
627,0.459737596,0.459737596,0.459737596
628,0.453644481,0.453644481,0.453644481
629,0.447551367,0.447551367,0.447551367
630,0.441458252,0.441458252,0.441458252
631,0.435365137,0.435365137,0.435365137
632,0.429272022,0.429272022,0.429272022
633,0.422595732,0.422595732,0.422595732
634,0.415844117,0.415844117,0.415844117
635,0.409092503,0.409092503,0.409092503
636,0.402340888,0.402340888,0.402340888
637,0.395589273,0.395589273,0.395589273
638,0.388837658,0.388837658,0.388837658
639,0.382086044,0.382086044,0.382086044
640,0.375486423,0.375486423,0.375486423
641,0.369320964,0.369320964,0.369320964
642,0.363155504,0.363155504,0.363155504
643,0.356990045,0.356990045,0.356990045
644,0.350824585,0.350824585,0.350824585
645,0.344659126,0.344659126,0.344659126
646,0.338493666,0.338493666,0.338493666
647,0.332328207,0.332328207,0.332328207
648,0.326162748,0.326162748,0.326162748
649,0.319997288,0.319997288,0.319997288
650,0.314017707,0.314017707,0.314017707
651,0.308394724,0.308394724,0.308394724
652,0.302771741,0.302771741,0.302771741
653,0.297148759,0.297148759,0.297148759
654,0.291525776,0.291525776,0.291525776
655,0.285902793,0.285902793,0.285902793
656,0.280279811,0.280279811,0.280279811
657,0.274656828,0.274656828,0.274656828
658,0.269033845,0.269033845,0.269033845
659,0.263410862,0.263410862,0.263410862
660,0.25778788,0.25778788,0.25778788
661,0.252164897,0.252164897,0.252164897
662,0.246541914,0.246541914,0.246541914
663,0.240918932,0.240918932,0.240918932
664,0.23572501,0.23572501,0.23572501
665,0.230806875,0.230806875,0.230806875
666,0.225888739,0.225888739,0.225888739
667,0.220970604,0.220970604,0.220970604
668,0.216052468,0.216052468,0.216052468
669,0.211134333,0.211134333,0.211134333
670,0.206216197,0.206216197,0.206216197
671,0.201298062,0.201298062,0.201298062
672,0.196379926,0.196379926,0.196379926
673,0.192095652,0.192095652,0.192095652
674,0.188585948,0.188585948,0.188585948
675,0.185076243,0.185076243,0.185076243
676,0.181566539,0.181566539,0.181566539
677,0.178056834,0.178056834,0.178056834
678,0.17454713,0.17454713,0.17454713
679,0.171037426,0.171037426,0.171037426
680,0.167527721,0.167527721,0.167527721
681,0.164018017,0.164018017,0.164018017
682,0.160479567,0.160479567,0.160479567
683,0.156869316,0.156869316,0.156869316
684,0.153259065,0.153259065,0.153259065
685,0.149648814,0.149648814,0.149648814
686,0.146038563,0.146038563,0.146038563
687,0.142428313,0.142428313,0.142428313
688,0.138818062,0.138818062,0.138818062
689,0.135207811,0.135207811,0.135207811
690,0.13159756,0.13159756,0.13159756
691,0.127987309,0.127987309,0.127987309
692,0.124377059,0.124377059,0.124377059
693,0.121412472,0.121412472,0.121412472
694,0.118887669,0.118887669,0.118887669
695,0.116362866,0.116362866,0.116362866
696,0.113838063,0.113838063,0.113838063
697,0.11131326,0.11131326,0.11131326
698,0.108788457,0.108788457,0.108788457
699,0.106263654,0.106263654,0.106263654
700,0.103738851,0.103738851,0.103738851
701,0.105792227,0.105792227,0.105792227
702,0.105921528,0.105921528,0.105921528
703,0.105262129,0.105262129,0.105262129
704,0.104602729,0.104602729,0.104602729
705,0.103943329,0.103943329,0.103943329
706,0.10328393,0.10328393,0.10328393
707,0.10262453,0.10262453,0.10262453
708,0.10196513,0.10196513,0.10196513
709,0.101305731,0.101305731,0.101305731
710,0.100646331,0.100646331,0.100646331
711,0.099986931,0.099986931,0.099986931
712,0.099327532,0.099327532,0.099327532
713,0.098668132,0.098668132,0.098668132
714,0.098008732,0.098008732,0.098008732
715,0.097349332,0.097349332,0.097349332
716,0.096689933,0.096689933,0.096689933
717,0.096030533,0.096030533,0.096030533
718,0.095371133,0.095371133,0.095371133
719,0.094711734,0.094711734,0.094711734
720,0.094052334,0.094052334,0.094052334
721,0.093392934,0.093392934,0.093392934
722,0.092733535,0.092733535,0.092733535
723,0.092074135,0.092074135,0.092074135
724,0.091414735,0.091414735,0.091414735
725,0.090755336,0.090755336,0.090755336
726,0.090095936,0.090095936,0.090095936
727,0.089436536,0.089436536,0.089436536
728,0.088777137,0.088777137,0.088777137
729,0.088117737,0.088117737,0.088117737
730,0.087458337,0.087458337,0.087458337
731,0.086798937,0.086798937,0.086798937
732,0.086139538,0.086139538,0.086139538
733,0.085480138,0.085480138,0.085480138
734,0.084820738,0.084820738,0.084820738
735,0.084161339,0.084161339,0.084161339
736,0.083501939,0.083501939,0.083501939
737,0.082842539,0.082842539,0.082842539
738,0.08218314,0.08218314,0.08218314
739,0.08152374,0.08152374,0.08152374
740,0.08086434,0.08086434,0.08086434
741,0.08039504,0.08039504,0.08039504
742,0.079929647,0.079929647,0.079929647
743,0.079464253,0.079464253,0.079464253
744,0.078998859,0.078998859,0.078998859
745,0.078533465,0.078533465,0.078533465
746,0.078068071,0.078068071,0.078068071
747,0.077602678,0.077602678,0.077602678
748,0.077137284,0.077137284,0.077137284
749,0.07667189,0.07667189,0.07667189
750,0.076206496,0.076206496,0.076206496
751,0.075741102,0.075741102,0.075741102
752,0.075275709,0.075275709,0.075275709
753,0.074810315,0.074810315,0.074810315
754,0.074344921,0.074344921,0.074344921
755,0.073879527,0.073879527,0.073879527
756,0.073414133,0.073414133,0.073414133
757,0.07294874,0.07294874,0.07294874
758,0.072483346,0.072483346,0.072483346
759,0.072017952,0.072017952,0.072017952
760,0.071552558,0.071552558,0.071552558
761,0.071087164,0.071087164,0.071087164
762,0.070621771,0.070621771,0.070621771
763,0.070156377,0.070156377,0.070156377
764,0.069690983,0.069690983,0.069690983
765,0.069225589,0.069225589,0.069225589
766,0.068760195,0.068760195,0.068760195
767,0.068294802,0.068294802,0.068294802
768,0.067829408,0.067829408,0.067829408
769,0.067364014,0.067364014,0.067364014
770,0.06689862,0.06689862,0.06689862
771,0.066433226,0.066433226,0.066433226
772,0.065967833,0.065967833,0.065967833
773,0.065502439,0.065502439,0.065502439
774,0.065037045,0.065037045,0.065037045
775,0.064571651,0.064571651,0.064571651
776,0.064106257,0.064106257,0.064106257
777,0.063640864,0.063640864,0.063640864
778,0.06317547,0.06317547,0.06317547
779,0.062710076,0.062710076,0.062710076
780,0.062244682,0.062244682,0.062244682
781,0.061779288,0.061779288,0.061779288
782,0.061298635,0.061298635,0.061298635
783,0.060816998,0.060816998,0.060816998
784,0.060335361,0.060335361,0.060335361
785,0.059853725,0.059853725,0.059853725
786,0.059372088,0.059372088,0.059372088
787,0.058890451,0.058890451,0.058890451
788,0.058408814,0.058408814,0.058408814
789,0.057927177,0.057927177,0.057927177
790,0.05744554,0.05744554,0.05744554
791,0.056963903,0.056963903,0.056963903
792,0.056482266,0.056482266,0.056482266
793,0.056000629,0.056000629,0.056000629
794,0.055518992,0.055518992,0.055518992
795,0.055037355,0.055037355,0.055037355
796,0.054555718,0.054555718,0.054555718
797,0.054074081,0.054074081,0.054074081
798,0.053592444,0.053592444,0.053592444
799,0.053110808,0.053110808,0.053110808
800,0.052629171,0.052629171,0.052629171
801,0.052147534,0.052147534,0.052147534
802,0.051665897,0.051665897,0.051665897
803,0.05118426,0.05118426,0.05118426
804,0.050702623,0.050702623,0.050702623
805,0.050220986,0.050220986,0.050220986
806,0.049739349,0.049739349,0.049739349
807,0.049257712,0.049257712,0.049257712
808,0.048776075,0.048776075,0.048776075
809,0.048294438,0.048294438,0.048294438
810,0.047812801,0.047812801,0.047812801
811,0.047331164,0.047331164,0.047331164
812,0.046849527,0.046849527,0.046849527
813,0.046367891,0.046367891,0.046367891
814,0.045886254,0.045886254,0.045886254
815,0.045404617,0.045404617,0.045404617
816,0.04492298,0.04492298,0.04492298
817,0.044441343,0.044441343,0.044441343
818,0.043959706,0.043959706,0.043959706
819,0.043478069,0.043478069,0.043478069
820,0.042996432,0.042996432,0.042996432
821,0.042514795,0.042514795,0.042514795
822,0.042033158,0.042033158,0.042033158
823,0.041551521,0.041551521,0.041551521
824,0.041069884,0.041069884,0.041069884
825,0.040588247,0.040588247,0.040588247
826,0.04010661,0.04010661,0.04010661
827,0.039624973,0.039624973,0.039624973
828,0.039143337,0.039143337,0.039143337
829,0.0386617,0.0386617,0.0386617
830,0.038180063,0.038180063,0.038180063
831,0.037698426,0.037698426,0.037698426
832,0.037216789,0.037216789,0.037216789
833,0.036735152,0.036735152,0.036735152
834,0.036253515,0.036253515,0.036253515
835,0.035771878,0.035771878,0.035771878
836,0.035290241,0.035290241,0.035290241
837,0.034808604,0.034808604,0.034808604
838,0.034326967,0.034326967,0.034326967
839,0.03384533,0.03384533,0.03384533
840,0.033363693,0.033363693,0.033363693
841,0.032882056,0.032882056,0.032882056
842,0.03240042,0.03240042,0.03240042
843,0.031918783,0.031918783,0.031918783
844,0.031437146,0.031437146,0.031437146
845,0.030955509,0.030955509,0.030955509
846,0.030473872,0.030473872,0.030473872
847,0.029992235,0.029992235,0.029992235
848,0.029678403,0.029678403,0.029678403
849,0.029401381,0.029401381,0.029401381
850,0.029124358,0.029124358,0.029124358
851,0.028847336,0.028847336,0.028847336
852,0.028570314,0.028570314,0.028570314
853,0.028293292,0.028293292,0.028293292
854,0.02801627,0.02801627,0.02801627
855,0.027739247,0.027739247,0.027739247
856,0.027462225,0.027462225,0.027462225
857,0.027185203,0.027185203,0.027185203
858,0.026908181,0.026908181,0.026908181
859,0.026631159,0.026631159,0.026631159
860,0.026354136,0.026354136,0.026354136
861,0.026077114,0.026077114,0.026077114
862,0.025800092,0.025800092,0.025800092
863,0.02552307,0.02552307,0.02552307
864,0.025246048,0.025246048,0.025246048
865,0.024969025,0.024969025,0.024969025
866,0.024692003,0.024692003,0.024692003
867,0.024414981,0.024414981,0.024414981
868,0.024137959,0.024137959,0.024137959
869,0.023860936,0.023860936,0.023860936
870,0.023583914,0.023583914,0.023583914
871,0.023306892,0.023306892,0.023306892
872,0.02302987,0.02302987,0.02302987
873,0.022752848,0.022752848,0.022752848
874,0.022475825,0.022475825,0.022475825
875,0.022198803,0.022198803,0.022198803
876,0.021921781,0.021921781,0.021921781
877,0.021644759,0.021644759,0.021644759
878,0.021367737,0.021367737,0.021367737
879,0.021090714,0.021090714,0.021090714
880,0.020813692,0.020813692,0.020813692
881,0.02053667,0.02053667,0.02053667
882,0.020381569,0.020381569,0.020381569
883,0.020303901,0.020303901,0.020303901
884,0.020226233,0.020226233,0.020226233
885,0.020148565,0.020148565,0.020148565
886,0.020070897,0.020070897,0.020070897
887,0.01999323,0.01999323,0.01999323
888,0.019915562,0.019915562,0.019915562
889,0.019837894,0.019837894,0.019837894
890,0.019760226,0.019760226,0.019760226
891,0.019682558,0.019682558,0.019682558
892,0.01960489,0.01960489,0.01960489
893,0.019527222,0.019527222,0.019527222
894,0.019449555,0.019449555,0.019449555
895,0.019371887,0.019371887,0.019371887
896,0.019294219,0.019294219,0.019294219
897,0.019216551,0.019216551,0.019216551
898,0.019138883,0.019138883,0.019138883
899,0.019061215,0.019061215,0.019061215
900,0.018983547,0.018983547,0.018983547
901,0.01890588,0.01890588,0.01890588
902,0.018828212,0.018828212,0.018828212
903,0.018750544,0.018750544,0.018750544
904,0.018672876,0.018672876,0.018672876
905,0.018595208,0.018595208,0.018595208
906,0.01851754,0.01851754,0.01851754
907,0.018439872,0.018439872,0.018439872
908,0.018362205,0.018362205,0.018362205
909,0.018284537,0.018284537,0.018284537
910,0.018206869,0.018206869,0.018206869
911,0.018129201,0.018129201,0.018129201
912,0.018051533,0.018051533,0.018051533
913,0.017973865,0.017973865,0.017973865
914,0.017896197,0.017896197,0.017896197
915,0.01781853,0.01781853,0.01781853
916,0.017740862,0.017740862,0.017740862
917,0.017663194,0.017663194,0.017663194
918,0.017585526,0.017585526,0.017585526
919,0.017507858,0.017507858,0.017507858
920,0.01743019,0.01743019,0.01743019
921,0.01758936,0.01758936,0.01758936
922,0.01779631,0.01779631,0.01779631
923,0.018003259,0.018003259,0.018003259
924,0.018210208,0.018210208,0.018210208
925,0.018417158,0.018417158,0.018417158
926,0.018624107,0.018624107,0.018624107
927,0.018831057,0.018831057,0.018831057
928,0.019038006,0.019038006,0.019038006
929,0.019244955,0.019244955,0.019244955
930,0.019451905,0.019451905,0.019451905
931,0.019658854,0.019658854,0.019658854
932,0.019865804,0.019865804,0.019865804
933,0.020072753,0.020072753,0.020072753
934,0.020279702,0.020279702,0.020279702
935,0.020486652,0.020486652,0.020486652
936,0.020693601,0.020693601,0.020693601
937,0.020900551,0.020900551,0.020900551
938,0.0211075,0.0211075,0.0211075
939,0.021314449,0.021314449,0.021314449
940,0.021521399,0.021521399,0.021521399
941,0.021728348,0.021728348,0.021728348
942,0.021935298,0.021935298,0.021935298
943,0.022142247,0.022142247,0.022142247
944,0.022349196,0.022349196,0.022349196
945,0.022556146,0.022556146,0.022556146
946,0.022763095,0.022763095,0.022763095
947,0.022970045,0.022970045,0.022970045
948,0.023176994,0.023176994,0.023176994
949,0.023383944,0.023383944,0.023383944
950,0.023590893,0.023590893,0.023590893
951,0.023797842,0.023797842,0.023797842
952,0.024004792,0.024004792,0.024004792
953,0.024513301,0.024513301,0.024513301
954,0.025061155,0.025061155,0.025061155
955,0.02560901,0.02560901,0.02560901
956,0.026156865,0.026156865,0.026156865
957,0.02670472,0.02670472,0.02670472
958,0.027252575,0.027252575,0.027252575
959,0.027800429,0.027800429,0.027800429
960,0.028348284,0.028348284,0.028348284
961,0.028896139,0.028896139,0.028896139
962,0.029443994,0.029443994,0.029443994
963,0.029991849,0.029991849,0.029991849
964,0.030539703,0.030539703,0.030539703
965,0.031087558,0.031087558,0.031087558
966,0.031635413,0.031635413,0.031635413
967,0.032183268,0.032183268,0.032183268
968,0.032731122,0.032731122,0.032731122
969,0.033278977,0.033278977,0.033278977
970,0.033826832,0.033826832,0.033826832
971,0.034374687,0.034374687,0.034374687
972,0.034922542,0.034922542,0.034922542
973,0.035470396,0.035470396,0.035470396
974,0.036018251,0.036018251,0.036018251
975,0.036566106,0.036566106,0.036566106
976,0.037113961,0.037113961,0.037113961
977,0.037661816,0.037661816,0.037661816
978,0.03820967,0.03820967,0.03820967
979,0.038757525,0.038757525,0.038757525
980,0.03930538,0.03930538,0.03930538
981,0.039853235,0.039853235,0.039853235
982,0.040543477,0.040543477,0.040543477
983,0.041781923,0.041781923,0.041781923
984,0.043020369,0.043020369,0.043020369
985,0.044258815,0.044258815,0.044258815
986,0.045497261,0.045497261,0.045497261
987,0.046735707,0.046735707,0.046735707
988,0.047974153,0.047974153,0.047974153
989,0.049212599,0.049212599,0.049212599
990,0.050451046,0.050451046,0.050451046
991,0.051689492,0.051689492,0.051689492
992,0.052927938,0.052927938,0.052927938
993,0.054166384,0.054166384,0.054166384
994,0.05540483,0.05540483,0.05540483
995,0.056643276,0.056643276,0.056643276
996,0.057881722,0.057881722,0.057881722
997,0.059120168,0.059120168,0.059120168
998,0.060358614,0.060358614,0.060358614
999,0.06159706,0.06159706,0.06159706
1000,0.062835507,0.062835507,0.062835507
1001,0.06291486,0.06291486,0.06291486
1002,0.062902315,0.062902315,0.062902315
1003,0.06288977,0.06288977,0.06288977
1004,0.062877225,0.062877225,0.062877225
1005,0.062864679,0.062864679,0.062864679
1006,0.062852134,0.062852134,0.062852134
1007,0.062839589,0.062839589,0.062839589
1008,0.062953062,0.062953062,0.062953062
1009,0.06345327,0.06345327,0.06345327
1010,0.063953479,0.063953479,0.063953479
1011,0.064453687,0.064453687,0.064453687
1012,0.064953895,0.064953895,0.064953895
1013,0.065454103,0.065454103,0.065454103
1014,0.065954312,0.065954312,0.065954312
1015,0.06645452,0.06645452,0.06645452
1016,0.066954728,0.066954728,0.066954728
1017,0.067454936,0.067454936,0.067454936
1018,0.067955145,0.067955145,0.067955145
1019,0.068455353,0.068455353,0.068455353
1020,0.068955561,0.068955561,0.068955561
1021,0.069455769,0.069455769,0.069455769
1022,0.069955978,0.069955978,0.069955978
1023,0.070456186,0.070456186,0.070456186
1024,0.070956394,0.070956394,0.070956394
1025,0.071456602,0.071456602,0.071456602
1026,0.071956811,0.071956811,0.071956811
1027,0.072457019,0.072457019,0.072457019
1028,0.072957227,0.072957227,0.072957227
1029,0.073457435,0.073457435,0.073457435
1030,0.073957644,0.073957644,0.073957644
1031,0.074457852,0.074457852,0.074457852
1032,0.07495806,0.07495806,0.07495806
1033,0.075458268,0.075458268,0.075458268
1034,0.075958477,0.075958477,0.075958477
1035,0.076458685,0.076458685,0.076458685
1036,0.076958893,0.076958893,0.076958893
1037,0.077459101,0.077459101,0.077459101
1038,0.07795931,0.07795931,0.07795931
1039,0.078459518,0.078459518,0.078459518
1040,0.078959726,0.078959726,0.078959726
1041,0.079459934,0.079459934,0.079459934
1042,0.079960143,0.079960143,0.079960143
1043,0.080460351,0.080460351,0.080460351
1044,0.080960559,0.080960559,0.080960559
1045,0.081460768,0.081460768,0.081460768
1046,0.081960976,0.081960976,0.081960976
1047,0.082461184,0.082461184,0.082461184
1048,0.082961392,0.082961392,0.082961392
1049,0.083461601,0.083461601,0.083461601
1050,0.083961809,0.083961809,0.083961809
1051,0.084462017,0.084462017,0.084462017
1052,0.084962225,0.084962225,0.084962225
1053,0.085466996,0.085466996,0.085466996
1054,0.086085612,0.086085612,0.086085612
1055,0.086704228,0.086704228,0.086704228
1056,0.087322844,0.087322844,0.087322844
1057,0.08794146,0.08794146,0.08794146
1058,0.088560077,0.088560077,0.088560077
1059,0.089178693,0.089178693,0.089178693
1060,0.089797309,0.089797309,0.089797309
1061,0.090415925,0.090415925,0.090415925
1062,0.091034541,0.091034541,0.091034541
1063,0.091653157,0.091653157,0.091653157
1064,0.092271774,0.092271774,0.092271774
1065,0.09289039,0.09289039,0.09289039
1066,0.093509006,0.093509006,0.093509006
1067,0.094127622,0.094127622,0.094127622
1068,0.094746238,0.094746238,0.094746238
1069,0.095364855,0.095364855,0.095364855
1070,0.095983471,0.095983471,0.095983471
1071,0.096602087,0.096602087,0.096602087
1072,0.097220703,0.097220703,0.097220703
1073,0.097839319,0.097839319,0.097839319
1074,0.098457935,0.098457935,0.098457935
1075,0.099076552,0.099076552,0.099076552
1076,0.099695168,0.099695168,0.099695168
1077,0.100313784,0.100313784,0.100313784
1078,0.1009324,0.1009324,0.1009324
1079,0.101551016,0.101551016,0.101551016
1080,0.102169632,0.102169632,0.102169632
1081,0.102788249,0.102788249,0.102788249
1082,0.103406865,0.103406865,0.103406865
1083,0.104025481,0.104025481,0.104025481
1084,0.104644097,0.104644097,0.104644097
1085,0.105262713,0.105262713,0.105262713
1086,0.10588133,0.10588133,0.10588133
1087,0.106499946,0.106499946,0.106499946
1088,0.107118562,0.107118562,0.107118562
1089,0.107737178,0.107737178,0.107737178
1090,0.108355794,0.108355794,0.108355794
1091,0.10897441,0.10897441,0.10897441
1092,0.109593027,0.109593027,0.109593027
1093,0.110211643,0.110211643,0.110211643
1094,0.110830259,0.110830259,0.110830259
1095,0.111448875,0.111448875,0.111448875
1096,0.112067491,0.112067491,0.112067491
1097,0.112686107,0.112686107,0.112686107
1098,0.113304724,0.113304724,0.113304724
1099,0.11392334,0.11392334,0.11392334
1100,0.114541956,0.114541956,0.114541956