Wavelengths,R3B
380,0.0
381,0.0
382,0.0
383,0.0
384,0.0
385,0.014238236085966709
386,0.030121382799318672
387,0.046559678436524296
388,0.06271305384887414
389,0.07870449378843544
390,0.09403264786230514
391,0.11114617692036374
392,0.12954780759726114
393,0.14782702634875358
394,0.16444030997199172
395,0.1818946952933807
396,0.19810898207871827
397,0.21389108667245532
398,0.22882664522404234
399,0.24546057054362883
400,0.26301717062482705
401,0.2819952987160617
402,0.29971227830524366
403,0.31734201078635293
404,0.3337064644535987
405,0.35035897141071287
406,0.3659331374858916
407,0.38566865044500764
408,0.4057043646871327
409,0.42589276818091093
410,0.4443690382819903
411,0.459854414754642
412,0.4723823966676298
413,0.48430275268201983
414,0.4962518595530267
415,0.5106965186793199
416,0.5231475050236212
417,0.5352534636133666
418,0.5502807482639422
419,0.5656846429547123
420,0.5780663898678232
421,0.5862009228499329
422,0.5936608135256316
423,0.6021435181578737
424,0.6098310323813079
425,0.6182094537634926
426,0.6265878287883649
427,0.6364806363864429
428,0.6502956957026693
429,0.6611260442789346
430,0.6691908728056339
431,0.6755645742452232
432,0.6823631939159509
433,0.6899266500283895
434,0.6988856927973842
435,0.7075197709144638
436,0.7141177860546535
437,0.7199253363026442
438,0.7254490605331935
439,0.7308502089136831
440,0.7368460679143979
441,0.7466397329616978
442,0.7555871798938977
443,0.7625915682368452
444,0.7658304216995944
445,0.7731226636096279
446,0.7800573955233984
447,0.7879199779712571
448,0.7952964372008074
449,0.8033737616295741
450,0.8105837713749304
451,0.8031054236293681
452,0.7950465641245947
453,0.7874042858474303
454,0.781061218996057
455,0.7728536356541379
456,0.7645178847002237
457,0.7577216621077224
458,0.7520810624063908
459,0.7424645666160843
460,0.7332805923322783
461,0.7486726510242377
462,0.7670651949265682
463,0.784485709280792
464,0.8007592088720621
465,0.8178585008639216
466,0.8353852781327367
467,0.8544078691812347
468,0.8708094801207823
469,0.8871666905336192
470,0.9047394646136164
471,0.912558861563552
472,0.920245456106327
473,0.9246941330135919
474,0.9257752026207636
475,0.9266944259054878
476,0.929800768097576
477,0.9382689521902049
478,0.9464779315123614
479,0.9515227968382957
480,0.95322028870979
481,0.9562905283469044
482,0.9616493011524206
483,0.967417242044269
484,0.9714894262876335
485,0.9749360348080441
486,0.9766986181888313
487,0.9790828162888089
488,0.9857588947654515
489,0.9948771807304757
490,1.0
491,0.992633427968711
492,0.9707120459826465
493,0.9508583801308254
494,0.9317018735559046
495,0.9138335918855476
496,0.8949055613508468
497,0.8730549183179506
498,0.8425038845412143
499,0.7845724290979552
500,0.6815194797989516
501,0.5482671930923195
502,0.3916514899285063
503,0.23576133558123952
504,0.12774811294123173
505,0.07395754206392191
506,0.04758176794306844
507,0.030167065614161014
508,0.019249432265144112
509,0.012708530196343428
510,0.008485371117104536
511,0.006388743214503197
512,0.005244044913753611
513,0.004464129973360083
514,0.003919124666860575
515,0.003529421019154331
516,0.0033255011174932667
517,0.003138709314738889
518,0.003058290404200909
519,0.0029169745980594883
520,0.0027370660873581427
521,0.0025479443615636613
522,0.0024756897758865326
523,0.002299078863575148
524,0.0022024177150188487
525,0.0022126074569368912
526,0.002204037335662779
527,0.0021631757884155636
528,0.002077649442346928
529,0.001963180902399588
530,0.0018776019080242496
531,0.001769268386747567
532,0.0016789375998568687
533,0.0016458066704094921
534,0.0014847218342131378
535,0.0013871389887625118
536,0.001398027261631054
537,0.0015916210498080389
538,0.0015674663803542275
539,0.0014846630960290372
540,0.0014897970032211728
541,0.0015266945132708664
542,0.001471211471519429
543,0.0013907756763775522
544,0.001527862274490111
545,0.0015180969669816552
546,0.001395270242814038
547,0.001293578493740295
548,0.0012356474721128836
549,0.001147295676884819
550,0.001110422234837345
551,0.0011258152372174443
552,0.00117506630378862
553,0.0011522239043385812
554,0.0010566019998980974
555,0.0010058798431077736
556,0.0010266441373413607
557,0.0011016006371999073
558,0.001044287687702853
559,0.0010062384276970273
560,0.0009383920371629118
561,0.0009871574213155805
562,0.0010362596363237954
563,0.0010236708577262528
564,0.0009261614910660073
565,0.0009291445888074418
566,0.0009753216437280103
567,0.0010312152338317897
568,0.0010277656133486901
569,0.001092895437580591
570,0.0011755830348665474
571,0.0010769539203748595
572,0.0010299666561888253
573,0.0009985281035719646
574,0.0010175999261392665
575,0.0009432651291549876
576,0.0008694655242538408
577,0.0008681236365729097
578,0.0008370448087286406
579,0.0007190043047326621
580,0.0007873379264026531
581,0.0008066330961104836
582,0.0008237784645486864
583,0.0008565817408820478
584,0.0009284201059751472
585,0.0010707998653198064
586,0.001087942710973674
587,0.0009355404620419395
588,0.0009312133965528423
589,0.0010293338925586655
590,0.0010029173204843971
591,0.0008825377381542713
592,0.0008273598939092371
593,0.0008430572340507818
594,0.0008637479936526534
595,0.0007990987588079112
596,0.00092029274865791
597,0.0009259505404894183
598,0.0009759077908796342
599,0.0008568818734501405
600,0.0007539772442766492
601,0.0007520715845616465
602,0.0008096599862593339
603,0.0007492299729597711
604,0.0006955649776015409
605,0.0008000978992244901
606,0.0008518988110536542
607,0.0009491175695138896
608,0.00082844189973969
609,0.000669911145459788
610,0.0007416296605929435
611,0.0007820835358675756
612,0.0006654411564471817
613,0.0005068844173912352
614,0.0004217758889104969
615,0.00045772291417894634
616,0.00046354165294050915
617,0.0005558341345053342
618,0.000506362781341145
619,0.00038773848702868224
620,0.0003696637502045248
621,0.0004237105743142268
622,0.0005947569421136956
623,0.000432343653634389
624,0.00033915142116798194
625,0.0003224959322245047
626,0.00040849857128281097
627,0.0004886856143370943
628,0.00044383965748844565
629,0.00037572178859764647
630,0.0003196064947467486
631,0.00027511779453840427
632,0.0003965601994369814
633,0.00038522850642231683
634,0.00031992161282721674
635,0.00024718509171685386
636,0.00026812315462125216
637,0.000334568962426282
638,0.0004434379065427339
639,0.0004406434118357499
640,0.00044642453716947606
641,0.0003946082562430629
642,0.0002573604244826376
643,0.00025769112374351185
644,0.00031584122452761647
645,0.000292190210397171
646,0.00022039927267334438
647,0.0002294602129949288
648,0.0002876772450145325
649,0.000336687947566288
650,0.0003462469409864605
651,0.00040705280620016346
652,0.00025975164187247554
653,0.0003043144518280943
654,0.00032065483046940345
655,0.0003171490371098338
656,0.00035337449806359286
657,0.0004122550619131539
658,0.00039726037278497295
659,0.0003520712871224714
660,0.00037170122105602987
661,0.00038779916669811135
662,0.0003652115375346028
663,0.00021669955192249186
664,0.00016712104008484132
665,0.00018962249626709585
666,0.00013291241101851838
667,0.00015731208377184124
668,0.0003249951545680084
669,0.00047174367137472453
670,0.00036228173828301333
671,0.00019944731621168837
672,9.667592351233866e-05
673,8.467771962608198e-05
674,0.00012154894223826218
675,0.00035071778300425004
676,0.00037233510093605634
677,0.0003264215794079649
678,0.0002592915666058318
679,0.0001382886935838533
680,9.392987987249375e-05
681,0.00027121323620280186
682,0.00020550154055395725
683,0.00027424075065495766
684,0.00029798183770194796
685,0.00026876324142380173
686,0.00020787939560556668
687,0.0002547964795753994
688,0.0003420551771239496
689,0.0004505794558952624
690,0.0003463284631827072
691,0.00020115443444991449
692,0.00017092206116680898
693,0.00015220423225830124
694,0.00020850176114162706
695,0.0002431995302448859
696,0.00035779886399366334
697,0.0003781943434967515
698,0.0002969190691682084
699,0.000267699927981197
700,8.245907618790751e-05
701,0.0
702,9.355673592105651e-05
703,0.0003380205718948575
704,0.0004570283522136796
705,0.00030880341221311034
706,3.663699235893539e-05
707,0.00010552875447335766
708,0.00018991387319146257
709,0.0001700422005486149
710,0.00014647849206117128
711,0.0003547449370252735
712,0.00036170810553358147
713,0.00012543795584424674
714,3.2690347872106326e-06
715,7.506055881282046e-05
716,0.00014354839567873548
717,0.00013947687589374382
718,0.0001492764543986622
719,0.0002643427151432768
720,0.00037533370058110804
721,0.00032808016994470264
722,0.0002086026521057991
723,7.369484126425727e-06
724,0.0
725,2.838465053213994e-05
726,0.0001343522020776919
727,0.000312631601331446
728,0.00037471603883976537
729,0.0003992616829597114
730,0.00019971556250824104
731,0.00014055313770193088
732,0.00017633588844328407
733,0.00027701752895996975
734,0.0001503419377977405
735,0.00026780766380561817
736,0.0003489509983108502
737,0.00027609500194203265
738,0.00022372126694477203
739,8.64384140356672e-05
740,6.654040087533017e-06
741,0.0001314451263123892
742,0.0001447523244337742
743,0.00011296887259460435
744,0.00021820164886208584
745,0.00018925690959361465
746,0.00016746034178125803
747,0.00016465393261108578
748,9.364751535024735e-05
749,7.666637097841146e-05
750,0.00013743049362599242
751,0.00015383516624378787
752,0.00016357851809981538
753,0.00022556882238761826
754,0.00030794371575163545
755,0.0003212417307000912
756,0.00016349063553075305
757,8.742831232458986e-05
758,6.973128714249232e-05
759,5.757351195182248e-06
760,0.0
761,0.0
762,2.917452562153645e-05
763,0.00023715468908174801
764,0.00030023110666835604
765,0.000353306407715347
766,0.0003475049625613269
767,0.00017980060201082095
768,3.36851176639682e-05
769,0.0
770,0.0
771,0.0
772,6.103601784591144e-05
773,0.00021436347783984662
774,0.0002577144317377765
775,7.834799245481257e-05
776,0.0
777,3.0438237009367623e-05
778,6.533347054034115e-05
779,4.211703609007071e-06
780,1.69693301452427e-05
781,0.0
782,6.542399266614945e-05
783,0.00023831042384229035
784,0.00021165362134328795
785,4.726994238630654e-06
786,9.78886075197783e-05
787,0.00013149909520340298
788,0.00010236389402601409
789,6.052658404780782e-05
790,0.00010308929147304819
791,0.00012228627857187758
792,0.0
793,0.0
794,0.0
795,0.0
796,1.6115073692154684e-05
797,0.00013205009807069242
798,0.00011158292697299918
799,0.0
800,0.0
801,6.788547342078363e-05
802,6.630943339141789e-05
803,1.243961443121747e-05
804,0.0
805,2.5588716974486793e-05
806,0.0003277971823966938
807,0.00046915731740608643
808,0.0003445687281708486
809,0.00014144131504347873
810,0.00013455613872174948
811,6.065605562351979e-05
812,2.071551476548759e-05
813,2.4218519729481638e-05
814,0.0
815,1.0303543105524549e-05
816,0.0
817,0.0
818,1.4796276338295718e-05
819,6.940994719994635e-06
820,0.0
821,0.0
822,4.084492992996272e-05
823,1.1471136242621847e-05
824,4.285633360145214e-06
825,0.0
826,0.0
827,0.0
828,0.0
829,0.0
830,0.0
831,8.332342746004078e-05
832,0.00013893647624409105
833,0.0
834,0.0
835,0.0
836,0.0
837,0.0
838,4.6739006867337666e-05
839,0.0
840,0.0
841,0.0
842,0.0
843,0.0
844,4.3254250611102545e-05
845,6.314858932711442e-05
846,0.00020091950007655553
847,0.0002593630051727267
848,0.00017946702080336955
849,0.0
850,0.0
851,0.0
852,0.0
853,0.0
854,0.0
855,0.0
856,0.0
857,0.0001895348554261322
858,0.00042314763890351746
859,0.00023192042510923532
860,3.219016175030511e-05
861,0.0
862,0.0
863,0.0
864,0.0
865,2.2922338136265886e-05
866,0.0
867,0.0
868,0.0
869,0.00010285116999008126
870,8.0907839051499e-05
871,0.00023729866032470853
872,9.787878697198769e-05
873,0.0
874,0.0
875,0.0
876,0.0
877,4.5134113710088625e-05
878,0.0002741263995800145
879,9.873067569484187e-05
880,9.073879500649996e-05
881,0.0003421048009530687
882,0.00023795481318434508
883,0.00026358876169722584
884,0.00011680156828588347
885,0.0
886,0.0
887,0.00020331440773928684
888,9.308431595587514e-05
889,8.151821866073541e-06
890,0.0
891,0.0
892,0.0
893,0.0
894,0.0
895,0.00015187697038997967
896,0.0
897,0.0
898,0.0
899,0.0
900,0.0
901,0.0
902,0.0
903,0.0
904,0.0
905,0.0
906,9.529445768057246e-07
907,2.02359932472961e-05
908,0.0
909,0.0
910,0.0
911,0.0
912,0.0
913,0.0
914,0.0
915,0.0
916,4.8525181725842274e-05
917,0.0
918,0.0
919,0.0
920,0.0
921,0.0
922,0.0
923,0.0
924,0.0
925,0.0
926,0.0
927,0.0
928,0.0
929,0.0
930,0.0
931,0.0
932,0.0
933,0.0
934,0.0
935,0.0
936,0.0
937,0.0
938,0.0
939,0.0
940,0.0
941,0.00031986441835407875
942,0.00019045182505470065
943,0.0
944,0.0
945,0.0
946,0.0
947,0.0
948,0.0
949,0.0
950,0.0
951,0.0
952,0.0
953,0.0
954,0.0
955,0.0
956,0.00047933899849409117
957,0.0001075123954574071
958,0.0
959,0.0
960,0.0
961,0.0
962,0.00011653056210994157
963,0.0002866152116536567
964,0.0
965,0.0
966,0.0
967,0.0
968,0.0
969,0.0
970,0.0
971,0.0
972,0.0
973,0.0
974,0.0
975,0.0
976,0.0
977,0.0
978,0.0
979,0.0
980,0.0
981,0.0
982,0.0
983,0.0
984,0.0
985,0.0
986,0.0
987,0.0
988,0.0
989,0.0
990,0.0
991,0.0
992,0.0
993,0.0
994,0.0
995,0.0
996,0.00032048953778742454
997,0.0
998,0.0
999,0.0
1000,0.0
1001,0.0
1002,0.0
1003,0.0
1004,0.0
1005,0.0
1006,0.0
1007,0.0
1008,0.0
1009,0.0
1010,6.393621435298305e-06
1011,0.0
1012,0.0
1013,0.0
1014,0.0
1015,0.0
1016,0.0
1017,0.0
1018,0.0
1019,0.0
1020,0.0
1021,0.0
1022,0.0
1023,0.00242639005635467
1024,0.0
1025,0.0
1026,0.0
1027,0.0
1028,0.0
1029,0.0
1030,0.0
1031,0.0
1032,0.0
1033,0.0
1034,0.0
1035,0.0
1036,0.0
1037,0.0
1038,0.0
1039,0.0
1040,0.0
1041,0.0
1042,0.0
1043,0.0
1044,0.0
1045,0.0
1046,0.0
1047,0.0
1048,0.0
1049,0.0
1050,0.0
1051,0.0
1052,0.0
1053,0.0
1054,0.0
1055,0.0
1056,0.0
1057,0.0
1058,0.0
1059,0.0
1060,0.0
1061,0.0
1062,0.0
1063,0.0
1064,0.0
1065,0.0
1066,0.0
1067,0.0
1068,0.0
1069,0.0
1070,0.0
1071,0.0
1072,0.0
1073,0.0
1074,0.0
1075,0.0
1076,0.0
1077,0.0
1078,0.0
1079,0.0
1080,0.0
1081,0.0
1082,0.0
1083,0.0
1084,0.0
1085,0.0
1086,0.0
1087,0.0
1088,0.0
1089,0.0
1090,0.0
1091,0.0
1092,0.0
1093,0.0
1094,0.0
1095,0.0
1096,0.0
1097,0.0
1098,0.0
1099,0.0
1100,0.0
