Wavelengths,R2G
380,0.0
381,0.0
382,0.0
383,0.0
384,0.0
385,0.0003462018885877064
386,0.0007028438598098896
387,0.0011177080008582057
388,0.0015064635734328214
389,0.0012973348811795072
390,0.0015140419904423395
391,0.0018113338825903357
392,0.002331054097312588
393,0.0020524660096451833
394,0.002182777982298519
395,0.0023722722209015804
396,0.002666914341718609
397,0.0026676480514662335
398,0.0026311495509602155
399,0.0017202129722541034
400,0.001587248413582
401,0.0014413899712300417
402,0.0017799971050907338
403,0.0022113164056243345
404,0.0018639831189805874
405,0.0016749776443129127
406,0.0021219864607708036
407,0.002672835773879884
408,0.002282011757171607
409,0.001524074660482701
410,0.0019567468836987094
411,0.0023939586378578146
412,0.002293322782576126
413,0.0021080567639903997
414,0.003262962568255651
415,0.0040175007720943895
416,0.0036187324704085038
417,0.0035982337795181243
418,0.0036123065375929073
419,0.0035561588663543414
420,0.003462312964765681
421,0.002786750910344719
422,0.0018839905861674478
423,0.0019316398112269881
424,0.00200953374942404
425,0.00196269645660159
426,0.0025173712015288496
427,0.0024763144982907644
428,0.001962181735963056
429,0.002160312134108107
430,0.002804287013391694
431,0.0026220076577431694
432,0.001918666114832159
433,0.00224326356954882
434,0.0023464130469996103
435,0.0021046830986090606
436,0.0017704271889893736
437,0.0016647827382425217
438,0.002200340730975808
439,0.002041840109132757
440,0.002135899386066264
441,0.0025771893470380907
442,0.0025768443881041395
443,0.0026070831125132384
444,0.002445890079125555
445,0.002449063250302418
446,0.0023677050797232127
447,0.002131994093618849
448,0.002103981174053211
449,0.002463434457983797
450,0.002960591882947033
451,0.002767712721032829
452,0.0023860831673705907
453,0.002304670893857472
454,0.0021121207578354384
455,0.0020611447442052916
456,0.0017788079962431371
457,0.0015815852370852294
458,0.0017399658637675575
459,0.0019016229133163858
460,0.0020036377408885
461,0.0020813624610726117
462,0.0023116548924013275
463,0.0023574620239074483
464,0.0025434476580116776
465,0.002805840753468913
466,0.003053661546992476
467,0.003117924221435132
468,0.003087113506411753
469,0.0032018533471531124
470,0.003312071201695175
471,0.0034155002445916505
472,0.0036733437373431014
473,0.0036411776130430805
474,0.003596507973867841
475,0.0036383766472798816
476,0.003777077080312634
477,0.004027496677988668
478,0.004269899501165201
479,0.00444653321235187
480,0.004321339887787237
481,0.004394973157607005
482,0.004515288114979092
483,0.004586008401087826
484,0.004579901960532235
485,0.004845220174141127
486,0.005215232752531702
487,0.005435903631689876
488,0.005580110618705202
489,0.005730060116172804
490,0.006062534336798608
491,0.006372168097168817
492,0.0066250723747603105
493,0.007140900996301797
494,0.0077555353868817315
495,0.008865949840205242
496,0.011280873238158103
497,0.020256138576120897
498,0.05308154184787116
499,0.15326117530082503
500,0.3306117425103138
501,0.5180437909212002
502,0.6536367047282486
503,0.7241616684582148
504,0.7664219918438773
505,0.7998119558478284
506,0.8299610185830831
507,0.8601368350397286
508,0.8903685652627253
509,0.9188293117378377
510,0.9194647954831329
511,0.9109477951810854
512,0.9033167035599005
513,0.8989476335303028
514,0.8967972674469155
515,0.8925314453472549
516,0.8870695517847913
517,0.882687159338627
518,0.8791749252634139
519,0.8745510941826076
520,0.8794989727176546
521,0.8864253420090706
522,0.8915214684882402
523,0.8962694245381002
524,0.9038084402068567
525,0.916149204577125
526,0.9271786993533835
527,0.9345481428831751
528,0.9424842014396779
529,0.954205282914475
530,0.9591317383807283
531,0.9606991923328356
532,0.9618395395168621
533,0.9614119316983183
534,0.9589776664550907
535,0.9562063478181944
536,0.9566240722119089
537,0.9577636392489555
538,0.9557682870001769
539,0.9535150961415183
540,0.9450121530452286
541,0.9343741087762951
542,0.9190355499728017
543,0.9043916981923428
544,0.8941824557319524
545,0.88392203789545
546,0.8709332973774184
547,0.8585724968352495
548,0.8480283839622199
549,0.8361667728943943
550,0.83150986824561
551,0.8268544403605249
552,0.8240963407660561
553,0.8228176749818031
554,0.8210460653695715
555,0.8185964294937582
556,0.8149153779402548
557,0.810164486238353
558,0.8068688337557259
559,0.8050855749972325
560,0.8096328713321168
561,0.8267651986195674
562,0.8462081278265758
563,0.8686580656946908
564,0.889406141508499
565,0.9073847438232546
566,0.9272019063923038
567,0.9498924692724289
568,0.9721179597437951
569,0.9926996044723647
570,1.0
571,0.9847542023426273
572,0.9660321253474963
573,0.9488822629237817
574,0.9370144265208086
575,0.9247456226747114
576,0.910133628417898
577,0.8970512221532433
578,0.8836955229252788
579,0.8666985416647319
580,0.8417235693617721
581,0.7156823157883035
582,0.4633051066914369
583,0.20773061596999054
584,0.07450438974654289
585,0.02662216874180674
586,0.01233397644725588
587,0.008143259533713046
588,0.0065858992984132204
589,0.00573537719490631
590,0.005111686417592776
591,0.004520405616172546
592,0.004124927075050548
593,0.0037408518969775477
594,0.0034088193282691727
595,0.0032135797019154496
596,0.0029690455806119466
597,0.002722630643171262
598,0.002510497073139582
599,0.002296149849588638
600,0.0021747549379704614
601,0.00205997860147213
602,0.0020051660279250313
603,0.0019257200460274584
604,0.0017984861349830724
605,0.0016601684045209647
606,0.0016161771182392904
607,0.0015160708549742108
608,0.0013431520619571278
609,0.001209296177283843
610,0.0011409964164452175
611,0.0010700574927059103
612,0.0010529893255465065
613,0.0009572795502868503
614,0.0008160726382388648
615,0.0006732340938017897
616,0.0006047311930046792
617,0.0006287466214837232
618,0.0005697350048093904
619,0.0005098707137192966
620,0.00046457481723055584
621,0.00046443974062956666
622,0.0004116606271087649
623,0.0004002075994880277
624,0.00044742607870320986
625,0.00045132080696241037
626,0.00045463120456040024
627,0.00043473583603355977
628,0.000440177833073792
629,0.00045427761977996883
630,0.0003953322298364646
631,0.00037450214128770167
632,0.00039195244986137704
633,0.00041864567498851754
634,0.0004426221550263852
635,0.0004209515148602476
636,0.00040079259593537605
637,0.0004002626375397506
638,0.0004091546488241339
639,0.0003402214794553988
640,0.00033631794362413563
641,0.000377456477251131
642,0.00033304458846885324
643,0.0002891896909056055
644,0.00030923968076906595
645,0.00032020171049496315
646,0.00023246376767296597
647,0.00023914379800616946
648,0.00029356236080316787
649,0.00035767418090245273
650,0.0003348730937525175
651,0.0002994550829424541
652,0.0002783231748991016
653,0.00027001200048950457
654,0.00026421062523810453
655,0.00024297108941927957
656,0.0002692363362119447
657,0.00026799425401190317
658,0.00028323331656186416
659,0.00024736771529162673
660,0.00030264707423426264
661,0.0003372872123155071
662,0.0003220240940569742
663,0.00028858466962872783
664,0.0002627385865744841
665,0.00023166998847831493
666,0.00024237875628369608
667,0.00023057427992604815
668,0.00020756374571791045
669,0.00019619195999738404
670,0.00022026713473306619
671,0.00024801363960382455
672,0.00027825596783813335
673,0.0002992295631470849
674,0.0002609391132511437
675,0.0002397913797816283
676,0.00019881261325067797
677,0.00020987705686539433
678,0.00023140588949993281
679,0.00023676145352973226
680,0.00017852225239918228
681,0.00013483354555550296
682,0.00023891990437059394
683,0.00027592350505022687
684,0.0002282081963716808
685,0.00021623769621064286
686,0.0002314472788485104
687,0.00031008240685310756
688,0.000305332515242504
689,0.00027441020818953603
690,0.0002220507500417345
691,0.00022126453913759924
692,0.00021445776230263666
693,0.0002573011084126954
694,0.0002055577995279358
695,0.0002444968665556801
696,0.00024406937763358182
697,0.0002502380577842695
698,0.00030970614697293586
699,0.000260941786019954
700,0.00025491829846256025
701,0.0002615329998649735
702,0.00026061510873334563
703,0.0002501568529494506
704,0.00019456479445284256
705,0.00020590652906966235
706,0.00020916558660160665
707,0.00023975891340877924
708,0.00025248217071486856
709,0.0002230821878107545
710,0.00024479327703127356
711,0.00022974884874539793
712,0.00023568355071520043
713,0.00024276150182658523
714,0.00023998775746149188
715,0.00023577132636148993
716,0.0002030531320230738
717,0.0002108742901946999
718,0.00022447783977609653
719,0.00029507628795972396
720,0.0003017057746733877
721,0.0002983436425685118
722,0.00034285886437323735
723,0.00034154160348801884
724,0.0003975529279367083
725,0.00040374331957721373
726,0.0003458040383616168
727,0.0002839207687320502
728,0.0002541059874595398
729,0.00029669057044212594
730,0.00029584695010301926
731,0.000346293271718731
732,0.00043671654650596567
733,0.00044073182450835133
734,0.0003275748507142078
735,0.00027878397210924044
736,0.00032578045567488965
737,0.00034726194972967383
738,0.00029931234201723743
739,0.00033621310540053983
740,0.0003583724313451095
741,0.00031760800675648533
742,0.00036476713458156914
743,0.00037162937076513913
744,0.0003498687471366305
745,0.00037318406717814324
746,0.0003427868880983292
747,0.0003658788136685868
748,0.0003755964523373219
749,0.000330390051777142
750,0.00030826577464814603
751,0.0003539621489283869
752,0.0004138436654107784
753,0.00043243103953551434
754,0.0004079453240788495
755,0.00045541337512860054
756,0.0004998028552772423
757,0.0004702473129639748
758,0.0004655799244228649
759,0.0004917223987622524
760,0.00046129876012657953
761,0.0005399076082651709
762,0.000513686983418147
763,0.0005095179300390121
764,0.0004756790054888994
765,0.0003977099120431899
766,0.00042991284849706575
767,0.00045289815205144086
768,0.0005184225201740229
769,0.0005844645981269424
770,0.0005419325336335706
771,0.0004651886442351465
772,0.0004915047189095943
773,0.0004226600485981239
774,0.00038656556173383063
775,0.0004287779657251793
776,0.0003602730320685105
777,0.0003732647971856759
778,0.0003709421563090354
779,0.00032643651148899384
780,0.0003617381165423407
781,0.0004507720018958891
782,0.00046063689220523043
783,0.00048091261610469434
784,0.0005093327131706462
785,0.0004800761648296323
786,0.0004371821824716377
787,0.0003830729178188204
788,0.0003209739264531339
789,0.0003083163675798718
790,0.00027447649387345267
791,0.0003143503098703307
792,0.0003863461424626358
793,0.0004187106657611457
794,0.0003541790306166341
795,0.00034448360990909196
796,0.0003369323756692944
797,0.00031698662446186655
798,0.00038075341953883087
799,0.00039094850144075335
800,0.0004891541701310911
801,0.000406881795190638
802,0.00029302850433176204
803,0.0004090689214014022
804,0.00044900787065782575
805,0.0005107989939157525
806,0.0005896176955947775
807,0.000600181746692392
808,0.0005728008939884238
809,0.0005495290586189448
810,0.00040042038972545624
811,0.0003505211968197488
812,0.0003744407304871072
813,0.00044147498377367057
814,0.00041684033544864133
815,0.0005061421115435755
816,0.0006065624217411547
817,0.00047635738680399303
818,0.00036254386692556015
819,0.000498052849978533
820,0.0005817143240611935
821,0.0005827912250196266
822,0.00049029907816808
823,0.0003476822514235826
824,0.0002900894949818415
825,0.00027506756817709135
826,0.0003696596174680968
827,0.0003581690574114376
828,0.00029671031032616824
829,0.0003560047541304032
830,0.00030545964620369066
831,0.00024397715716954023
832,0.0002898087895232105
833,0.0003848532213517702
834,0.0003837862775273343
835,0.00018631402873399742
836,0.00032140695103849274
837,0.00037981472655567236
838,0.00029794071341891396
839,0.000346730577139906
840,0.00041645483965522124
841,0.0003389084584237626
842,0.00030636185659508756
843,0.00032105539288184576
844,0.0002906716132353964
845,0.00023287253753899844
846,0.0003438219754076664
847,0.0004443395293629042
848,0.0004154442838905185
849,0.0002613469312018979
850,0.00015604245696502594
851,0.00010384579660281719
852,0.00015949023378173082
853,0.0002505458551096367
854,0.0003531527387872688
855,0.0003797418601702347
856,0.0003620121247390642
857,0.0003250181816790542
858,0.00028582349090697587
859,0.00031535063801782536
860,0.00013238404006357362
861,0.00013936410641716043
862,0.00016298981465449322
863,3.704183366959327e-05
864,0.00011668007329022544
865,0.0002544164425299608
866,0.00026890358722820164
867,0.00027000642042177166
868,0.0001373168955621064
869,0.00019170420235386178
870,0.00013341143537279172
871,9.557991893659251e-05
872,0.00014054141311181786
873,7.921764688774712e-05
874,7.167272323751514e-05
875,0.00019759192438810873
876,0.00021932327033756193
877,0.00021770304849887283
878,3.184458441231559e-05
879,0.0
880,0.00015263036905829543
881,0.0002648837263726891
882,0.00021991505797047637
883,0.0002981454560272488
884,0.0002581342448229098
885,0.0001667986626828876
886,0.00020240458970535117
887,5.618213019289977e-05
888,2.1844544934365883e-06
889,2.406275656269351e-05
890,2.7913706662775224e-05
891,8.871771541598052e-05
892,0.00013687844776146048
893,0.0002964646478645901
894,0.000330416553962455
895,0.00018177267220108277
896,7.143806530889905e-05
897,5.424946709874924e-05
898,8.366062001768163e-05
899,2.9831399368493855e-05
900,0.0
901,0.0
902,6.722225609060059e-05
903,0.0
904,7.658709308044613e-05
905,0.0002551197424320626
906,0.00026261873873870617
907,0.00014539551175512305
908,1.6709861296467173e-05
909,0.0
910,0.0
911,3.800322255600944e-05
912,0.0
913,0.0
914,0.0
915,0.0
916,0.00015064784071137585
917,6.523261814439142e-06
918,0.0
919,0.0
920,0.0
921,2.0181844235577614e-05
922,5.4006935714966317e-05
923,5.032225307544679e-05
924,7.423214650654635e-06
925,3.4527473212368125e-05
926,0.0001252048875243006
927,6.287457301949807e-05
928,0.0
929,0.0
930,0.0
931,0.0
932,0.0
933,0.0
934,7.879052710572593e-05
935,2.2514586068060335e-05
936,0.0
937,0.0
938,0.0
939,0.0
940,0.0
941,0.0
942,0.0
943,0.0
944,0.0
945,0.0
946,0.0
947,0.0
948,0.0
949,0.0
950,0.0
951,4.78837622154031e-05
952,0.0
953,0.0
954,0.0
955,0.0
956,0.0
957,0.0
958,0.0
959,0.0
960,0.0
961,0.0
962,0.0
963,0.0
964,0.0
965,0.0
966,0.0
967,0.0
968,0.0
969,0.0
970,0.0
971,0.0
972,0.0
973,0.0
974,0.0
975,0.0
976,0.0
977,0.0
978,0.0
979,0.0
980,0.0
981,0.0
982,0.0
983,0.0
984,0.0
985,0.0
986,0.0
987,0.0
988,0.0
989,0.0
990,0.0
991,0.0
992,0.0
993,0.0
994,0.0
995,0.0
996,0.0
997,0.0
998,0.0
999,0.0
1000,0.0
1001,0.0
1002,0.0
1003,0.0
1004,0.0
1005,0.0
1006,0.0
1007,0.0
1008,0.0
1009,0.0
1010,0.0
1011,0.0
1012,0.0
1013,0.0
1014,0.0
1015,0.0
1016,0.0
1017,0.0
1018,0.0
1019,0.0
1020,0.0
1021,0.0
1022,0.0
1023,0.0
1024,0.0
1025,0.0
1026,0.0
1027,0.0
1028,0.0
1029,0.0
1030,0.0
1031,0.0
1032,0.0
1033,0.0
1034,0.0
1035,0.0
1036,0.0
1037,0.0
1038,0.0
1039,0.0
1040,0.0
1041,0.0
1042,0.0
1043,0.0
1044,0.0
1045,0.0
1046,0.0
1047,0.0
1048,0.0
1049,0.0
1050,0.0
1051,0.0
1052,0.0
1053,0.0
1054,0.0
1055,0.0
1056,0.0
1057,0.0
1058,0.0
1059,0.0
1060,0.0
1061,0.0
1062,0.0
1063,0.0
1064,0.0
1065,0.0
1066,0.0
1067,0.0
1068,0.0
1069,0.0
1070,0.0
1071,0.0
1072,0.0
1073,0.0
1074,0.0
1075,0.0
1076,0.0
1077,0.0
1078,0.0
1079,0.0
1080,0.0
1081,0.0
1082,0.0
1083,0.0
1084,0.0
1085,0.0
1086,0.0
1087,0.0
1088,0.0
1089,0.0
1090,0.0
1091,0.0
1092,0.0
1093,0.0
1094,0.0
1095,0.0
1096,0.0
1097,0.0
1098,0.0
1099,0.0
1100,0.0
