Wavelengths,L2G
380,0.0050308684644936544
381,0.004764197305033888
382,0.004888812466626058
383,0.0057954806117661226
384,0.008709795386311179
385,0.009529717475735706
386,0.008847135685105612
387,0.00853569352017004
388,0.008644659718181591
389,0.0085483519751238
390,0.00900661608058583
391,0.011338443890633054
392,0.0114434354788379
393,0.01056677419704834
394,0.007760956643799876
395,0.007704546136761711
396,0.0077815668859140975
397,0.009824623937035084
398,0.009976113592783538
399,0.010213362651846315
400,0.00910167255893551
401,0.009413138676051794
402,0.009844753936433956
403,0.010160089706419783
404,0.010878655775452236
405,0.011297559810453548
406,0.010129480048997077
407,0.010051032088362099
408,0.010041301618704201
409,0.010442927793908189
410,0.00953833687568927
411,0.007780984352592571
412,0.00681365354346818
413,0.00769697448643847
414,0.008822501697302277
415,0.008908256935995115
416,0.008372340115825027
417,0.007492162925390182
418,0.008018846106372763
419,0.008710011233153916
420,0.007698502749016005
421,0.007169042012221065
422,0.007351093773399181
423,0.006953338943205762
424,0.006749334396521356
425,0.007367084963353675
426,0.007562767421682833
427,0.007052419353146617
428,0.00663485451481879
429,0.00646426882182625
430,0.005033463534919779
431,0.00449763224823657
432,0.005131497942778699
433,0.006088671293798124
434,0.006437775156982319
435,0.005636408246500398
436,0.005630383445702687
437,0.005800938186331449
438,0.005613584939457319
439,0.005283072611123748
440,0.004787658037385402
441,0.004529018044469588
442,0.004214772306856728
443,0.004306116474075849
444,0.004923558664234038
445,0.0050952719121409185
446,0.005101577245738453
447,0.004980001039160361
448,0.005005870655119028
449,0.004922214206785041
450,0.0052975594824204685
451,0.005667622014463562
452,0.0049577865368486285
453,0.004940441039299155
454,0.004496920134136748
455,0.004695261520032563
456,0.0047494490581217455
457,0.004875883244973165
458,0.005279197523029237
459,0.005642976620313484
460,0.0062562951638081895
461,0.006364521106697678
462,0.006324204383313742
463,0.006509847608773167
464,0.007068466805478258
465,0.007232352415866462
466,0.007040033373026752
467,0.0068044279002664795
468,0.006939680422044567
469,0.006868267676305051
470,0.006769226666505637
471,0.006893843487757313
472,0.007201772658560545
473,0.007074113033267573
474,0.007100010512172278
475,0.007151943885889824
476,0.007590253354386744
477,0.007553502181900623
478,0.007428024637484722
479,0.007644215912317172
480,0.008302617533574178
481,0.008814419537587749
482,0.009255397379825657
483,0.009796511607594049
484,0.010554696727726591
485,0.011872261501629415
486,0.013990560879581136
487,0.017014824044985884
488,0.021499817539742037
489,0.028772920425308067
490,0.040733374038276184
491,0.06123439572181587
492,0.09509535611253062
493,0.1525693754678557
494,0.24149339613478
495,0.36523381988521636
496,0.5121648947237839
497,0.6550877477914073
498,0.7715351553815296
499,0.8505425991835146
500,0.8992608249835226
501,0.9294033180987678
502,0.951180376390735
503,0.9681691670204084
504,0.981431408624012
505,0.9896702061012785
506,0.9956520373740277
507,0.9986872950896899
508,1.0
509,0.9999995793212196
510,0.9982512665376392
511,0.995971125964331
512,0.9929518770224417
513,0.9899831562394337
514,0.9858097748161819
515,0.982283492607808
516,0.9794314538264722
517,0.9772881890876028
518,0.9762061776847175
519,0.976293474347859
520,0.9757932200088358
521,0.9747153640878347
522,0.973182785347994
523,0.9711286674645621
524,0.9686525860824254
525,0.9656786805728923
526,0.962072474483593
527,0.9583469962370692
528,0.9543637538972253
529,0.951150780447229
530,0.9487386506820229
531,0.9469008341302825
532,0.9450439970989253
533,0.9435176871069629
534,0.9423744483341303
535,0.9410645131314901
536,0.9395099703477319
537,0.9371756567711617
538,0.9333667864363903
539,0.9290049523707024
540,0.923364107764093
541,0.9170306504113178
542,0.9099657270030311
543,0.9035218501983525
544,0.8972933322567209
545,0.8917417220427754
546,0.8877041151773083
547,0.8844759463468793
548,0.8829111113478295
549,0.8828159209626807
550,0.8836266784090662
551,0.8848688159644325
552,0.8863039964087533
553,0.8875739960445999
554,0.8882457212529579
555,0.8882077372715401
556,0.8871685016703065
557,0.8860941391534679
558,0.884004474104937
559,0.8808856194580251
560,0.8769600308376323
561,0.8728551001082637
562,0.868541910772914
563,0.8630639588087698
564,0.8578825781773045
565,0.8533406679207383
566,0.8489210437121295
567,0.8454709918014485
568,0.8428049020328375
569,0.8405606894033917
570,0.8385594101634994
571,0.8362829765150201
572,0.8340729125912967
573,0.8311271609655507
574,0.8273841931998508
575,0.8229667964595863
576,0.8176915186867966
577,0.8112113892662285
578,0.8039534240132716
579,0.795054786361794
580,0.781720274699801
581,0.7593464133254257
582,0.7197773269182544
583,0.6524303051325666
584,0.555337327548696
585,0.44011321520247093
586,0.32487910986703367
587,0.227283809991005
588,0.15447211428879465
589,0.10321334498980442
590,0.0692168291571802
591,0.04707800840833698
592,0.032783781935724156
593,0.023518984555431232
594,0.01733615599346756
595,0.013044220855521572
596,0.010169256524072492
597,0.00819106512375845
598,0.00673457770362194
599,0.005566067638876309
600,0.004658790084774718
601,0.004008349855395266
602,0.0035334087961083733
603,0.00312526215564663
604,0.0027537443544428243
605,0.0024974029435289534
606,0.0023198611573671383
607,0.002173463006867842
608,0.0019874032159068666
609,0.00178607737643405
610,0.0016962313186849416
611,0.001585406915366801
612,0.0014316934455880297
613,0.0013503051887042328
614,0.0013098910276545758
615,0.0012469689975911776
616,0.0011942610393356297
617,0.0011412201560755807
618,0.0011170680723643417
619,0.0010262119508284867
620,0.0009515276009500101
621,0.000927195199236501
622,0.0008684038579018224
623,0.0008441453523890354
624,0.0008449601458092396
625,0.0008832655183026618
626,0.000868087808435222
627,0.0008085334651845551
628,0.0008041540998233422
629,0.0007832581061000736
630,0.0007496806431485355
631,0.000766979953805281
632,0.0007943379252166539
633,0.00078618374788553
634,0.0007752740347537771
635,0.0007779564639303786
636,0.0007992971448585047
637,0.000832454219137072
638,0.0008708679939801038
639,0.0008789455855480198
640,0.0009388173945627438
641,0.00099068981059911
642,0.001058796343888937
643,0.00114888290825843
644,0.0013466272542679743
645,0.0016287424915656678
646,0.0020453824179052556
647,0.002625697976451158
648,0.0033100681906281506
649,0.00391299369446331
650,0.004099292766052283
651,0.003875834964801546
652,0.0032571246389828694
653,0.002645482427883875
654,0.002148294921070774
655,0.0018099993365439822
656,0.0015946602750681643
657,0.0014287665724598336
658,0.0012837293676640285
659,0.001163744862984467
660,0.0010983674232307808
661,0.0010616535930248554
662,0.0010096401104100303
663,0.0009386888407354507
664,0.0009157466757516237
665,0.0009046092568607112
666,0.0009272464663057983
667,0.0009742243288268348
668,0.0009605310726382278
669,0.0009324257357743952
670,0.0009716511133041727
671,0.0010321545488223215
672,0.001107769447308867
673,0.001159431748422884
674,0.0012063746047992743
675,0.001316216396128252
676,0.0014450879117732607
677,0.0015852230587979181
678,0.0017232590199138952
679,0.0018451628874043998
680,0.002029741714083011
681,0.0022542984159253485
682,0.00236803000488987
683,0.002430831959722499
684,0.0024628204448457957
685,0.0024399580367157627
686,0.0023362939720405086
687,0.002197308947572797
688,0.0021007410528064113
689,0.002007302293295153
690,0.0019160971459425149
691,0.0018483754789015085
692,0.0017486995632771596
693,0.0017195718693680366
694,0.001728388398088064
695,0.0017057231710683816
696,0.0017302620197606582
697,0.001735356466524108
698,0.0016945215014907424
699,0.0017412790422670999
700,0.001849166345258244
701,0.001975511225331101
702,0.002064110122327197
703,0.002127844031844675
704,0.0022286147635584936
705,0.002290559788591508
706,0.0023419010479327003
707,0.002382323589936342
708,0.002342816221657179
709,0.002204713637248786
710,0.002097408987582611
711,0.0019777464650427416
712,0.0018319604851948156
713,0.0016861065784972299
714,0.0015631917317023014
715,0.0014821634135846772
716,0.0013786735065530035
717,0.0012383854744373894
718,0.0011737442835103365
719,0.0011278668177982535
720,0.0010505842962869533
721,0.0010933566224842468
722,0.0011112769837517652
723,0.0010392904333428054
724,0.0009709803673024142
725,0.0009820728091456316
726,0.0009639861979705237
727,0.0009310283860495517
728,0.0009613285080429153
729,0.0009930769169121782
730,0.0009420351376887131
731,0.0009312176742851756
732,0.0009875699645623636
733,0.0010689120753028605
734,0.001159566291592186
735,0.001164889838181903
736,0.0012613357123105603
737,0.0013682331780758945
738,0.001427187146995465
739,0.0015092573366440802
740,0.001607096469459765
741,0.0017456948527298328
742,0.0019005911710089246
743,0.00200910325659802
744,0.002072509708749959
745,0.0021174673501444547
746,0.002040275011400948
747,0.0019127527301377508
748,0.001767243963351698
749,0.0016200273691967103
750,0.00152796748589257
751,0.0013916493011431811
752,0.0012542331784927705
753,0.0011586873418265964
754,0.0010506860206732007
755,0.0009806317143804836
756,0.0009517240647955874
757,0.0009278121118383062
758,0.0009255132752268824
759,0.0008910487472655737
760,0.0008757148007800497
761,0.0008683713001991194
762,0.0008401673726626774
763,0.0008236461469097043
764,0.0008149827488605599
765,0.0007892848283626534
766,0.000831827660467738
767,0.0008484033271168051
768,0.000880808638096672
769,0.0008927260451736394
770,0.0008343895598121817
771,0.0008387365045407797
772,0.0009061525622412698
773,0.0008645718569632227
774,0.0008547811172457203
775,0.0008826416120368935
776,0.0008670499322957828
777,0.0008110445863544578
778,0.0007856678544513957
779,0.0007262242231966358
780,0.0007516832087613274
781,0.000766000628629603
782,0.0007532789626063487
783,0.0006765848754732366
784,0.0006329691728821708
785,0.0006106748993296397
786,0.0005957052787511373
787,0.0005694182568673817
788,0.0005766352177900013
789,0.0005905658349938277
790,0.0005854911897276796
791,0.0005526133917436229
792,0.0005122304608943589
793,0.0004934502884386976
794,0.00042638386127081217
795,0.00043898782190191383
796,0.0004826729515767306
797,0.0004954094622210251
798,0.00046605123673690795
799,0.0004706196484057217
800,0.00047946022703205263
801,0.0004556800435467463
802,0.0004388397504226218
803,0.0004765539193105792
804,0.0004898418689580726
805,0.00045148037524763584
806,0.00043174100238558313
807,0.0004088033948204514
808,0.00044192056369104853
809,0.00040994474102506176
810,0.00043828755620074723
811,0.00044261203199160104
812,0.00040543138382959705
813,0.00044162099900576303
814,0.0004475789735350965
815,0.00044649180989270865
816,0.0004466027019480589
817,0.00047849718092928694
818,0.0005062124355937528
819,0.0004976192704642089
820,0.000506853266990513
821,0.0005281983797272432
822,0.000554385906646137
823,0.0006665106056437709
824,0.0007525204452820144
825,0.0008385528549687244
826,0.0008994145502724964
827,0.0009628989159915495
828,0.000978487345553024
829,0.0009322469802387494
830,0.0008498383523615773
831,0.0007202337104331292
832,0.0006053785008967008
833,0.0005241822560170995
834,0.0005215200171077983
835,0.00047606377150303684
836,0.00039453324479916496
837,0.0003926200812070706
838,0.00039789590841195
839,0.000363289545316166
840,0.00035450253872628757
841,0.0003435727658534247
842,0.0003409037346577783
843,0.00035075964324441923
844,0.0003436538648107449
845,0.0003537890704761557
846,0.00034834299838183767
847,0.00035431661045812847
848,0.00030778173591875245
849,0.00030502928833208635
850,0.00027412381547321996
851,0.00022720670913526462
852,0.0002423225673973931
853,0.00031989207036156207
854,0.00029797255090595624
855,0.00026864184567497337
856,0.000284914681582242
857,0.0002571035087529807
858,0.00025002544877445165
859,0.0002783786273908257
860,0.00029834820915089683
861,0.00025163547589213093
862,0.00021464396282497528
863,0.00021247167371023652
864,0.00021052956814546315
865,0.00023429177770201685
866,0.0002812309558356254
867,0.00029223549179934193
868,0.0002727835621150661
869,0.00024741917897300853
870,0.00021589280000242826
871,0.00023193787212781404
872,0.0002731960121512145
873,0.00025391976178868635
874,0.00020029385332929675
875,0.00022450294303556523
876,0.00021268717495802027
877,0.00023904086974841585
878,0.00030139545870491843
879,0.0002356261280175991
880,0.00017829288794767495
881,0.0002062871232201212
882,0.00023237376296441337
883,0.00022197930847098343
884,0.00020842199661936443
885,0.00020124731823554647
886,0.00020194549981224268
887,0.0002439985415293491
888,0.00022730428204728402
889,0.00022488782690340074
890,0.00018621077341547082
891,0.00018668557038720778
892,0.00020529397982446362
893,0.00014794500964234174
894,0.00012657518144589864
895,0.0001695630283441347
896,0.000243901585162333
897,0.00023856502553406132
898,0.00021958703221714183
899,0.00017007064829263833
900,0.00010802317819402893
901,0.00013996787261831762
902,0.00016174853488703492
903,0.00019528811240206514
904,0.0002577456935936624
905,0.00027950786754714043
906,0.00024388675996014352
907,0.00015682751274762966
908,0.00011063413009492698
909,0.0001571537203087669
910,0.00021705634963510112
911,0.00026632101709093975
912,0.00025306722170150464
913,0.00017939152422688124
914,0.00016318419117764704
915,0.00019761271949125418
916,0.00024721338486580365
917,0.000256220533939511
918,0.00025930923381060303
919,0.0002582119158304702
920,0.00024332517377005357
921,0.00020292408643229743
922,0.00014843957684013668
923,0.00015254023645053266
924,0.0001876816174453912
925,0.00019495439398346765
926,0.00015555179691475145
927,0.00012346064091529925
928,0.000164217842503114
929,0.00019758669908236085
930,0.00019705811473126204
931,0.00015182266355095805
932,6.368595217091751e-05
933,9.609139648647448e-05
934,0.00018177792394887606
935,0.00014594790448489378
936,9.262012755514149e-05
937,0.00011146250532157343
938,8.536985505199338e-05
939,3.09627722979296e-05
940,0.00011610632058822241
941,0.00017800627042229795
942,9.254692698104983e-05
943,6.380530247478971e-05
944,9.68918791796674e-05
945,1.7429875028128e-05
946,4.2892989269096925e-06
947,8.056510914814096e-05
948,0.00012579508862387042
949,0.00011603256076604143
950,8.74206774139046e-05
951,5.559029646725296e-05
952,0.0
953,3.151682916577012e-05
954,9.78365767220487e-05
955,0.00013622185119795534
956,0.00012086047069946486
957,3.325142088720164e-05
958,0.0
959,4.084556440358678e-06
960,0.00011561321064831965
961,0.00010097282526521194
962,2.8508358838633062e-05
963,3.2996246908359203e-05
964,9.697234801793856e-05
965,0.0001351822743853978
966,0.00011547237239653456
967,0.00011862696180982476
968,0.00011950472650119121
969,7.603446788809521e-05
970,5.2833508523961005e-05
971,3.2106454963987464e-05
972,7.916026930677345e-05
973,0.00012633517138430124
974,5.3897453645569584e-05
975,1.2921664009094822e-05
976,6.92246850390207e-05
977,1.9723599311249035e-05
978,3.4105111926047145e-05
979,0.00016127782736309314
980,0.00022026885106620059
981,0.0002021719200335471
982,4.841994176401787e-05
983,1.1169083238570466e-06
984,1.9196478111691616e-05
985,4.317119711979474e-05
986,0.0
987,0.0
988,6.529403904267841e-05
989,0.00010901058060817546
990,0.00010272389478912052
991,9.071585395253057e-05
992,0.0001034935575514927
993,6.145666851271806e-05
994,8.821202556592998e-05
995,0.00020152588438656317
996,0.00020016974340377304
997,0.00014077412501272243
998,2.2116277388962453e-05
999,3.090837634734109e-06
1000,8.59765241730067e-05
1001,7.909807211786128e-07
1002,0.0
1003,2.3453541911759523e-05
1004,0.00012575325742310092
1005,0.00014157722041427872
1006,0.00010634040558102687
1007,0.00018150837420820106
1008,0.00011591871499790769
1009,2.214743488100634e-05
1010,8.704233967832145e-05
1011,0.00018717388971428307
1012,5.244063952128514e-05
1013,4.724132665800543e-06
1014,9.376244980183798e-05
1015,0.00010700309512752011
1016,1.4837522511773356e-05
1017,5.3220668682435956e-05
1018,0.00019064960715617666
1019,0.00031812112783815313
1020,0.00029224424261992544
1021,0.00010129541452366007
1022,1.7184672283061835e-05
1023,0.0
1024,0.0
1025,0.0
1026,0.0
1027,0.0
1028,0.0
1029,0.0
1030,0.0
1031,0.0
1032,0.0
1033,0.0
1034,0.0
1035,0.0
1036,0.0
1037,0.0
1038,0.0
1039,0.0
1040,0.0
1041,0.0
1042,0.0
1043,0.0
1044,0.0
1045,0.0
1046,0.0
1047,0.0
1048,0.0
1049,0.0
1050,0.0
1051,0.0
1052,0.0
1053,0.0
1054,0.0
1055,0.0
1056,0.0
1057,0.0
1058,0.0
1059,0.0
1060,0.0
1061,0.0
1062,0.0
1063,0.0
1064,0.0
1065,-0.0
1066,-0.0
1067,-0.0
1068,-0.0
1069,-0.0
1070,-0.0
1071,-0.0
1072,-0.0
1073,-0.0
1074,-0.0
1075,-0.0
1076,-0.0
1077,-0.0
1078,-0.0
1079,-0.0
1080,-0.0
1081,-0.0
1082,-0.0
1083,-0.0
1084,-0.0
1085,-0.0
1086,-0.0
1087,-0.0
1088,-0.0
1089,-0.0
1090,-0.0
1091,-0.0
1092,-0.0
1093,-0.0
1094,-0.0
1095,-0.0
1096,-0.0
1097,-0.0
1098,-0.0
1099,-0.0
1100,-0.0
