Wavelengths,HRCB
380,0.02792722374135586
381,0.03565575434036819
382,0.044702547576929756
383,0.05475366389046017
384,0.06526876109485098
385,0.07591823565760772
386,0.0873329028858951
387,0.09954286466759793
388,0.11461152108366898
389,0.1307625012205292
390,0.14792416887287863
391,0.1658748963632392
392,0.1848605672318319
393,0.20475044366647382
394,0.2255430400689027
395,0.24734939843248815
396,0.271084848099934
397,0.2961685227750446
398,0.32153194868948615
399,0.33276165202444385
400,0.3438177853787758
401,0.36107758315603367
402,0.3787651918257395
403,0.3967488722131075
404,0.41492639587675645
405,0.43340686792922734
406,0.45471601574309134
407,0.47535023455341047
408,0.4926207084951943
409,0.5124645419991574
410,0.5395523096282734
411,0.5570520842780486
412,0.5721481393848543
413,0.5873384878721203
414,0.6032751077805691
415,0.6193187354687956
416,0.6335896593397466
417,0.6478019608541892
418,0.6620271425329184
419,0.6759822584529761
420,0.6888615077605046
421,0.7017529803657087
422,0.7146566740171911
423,0.7275725997527965
424,0.7405007561473557
425,0.7534411525941699
426,0.7659359616997652
427,0.777420278162896
428,0.7877036586615259
429,0.7979668551049887
430,0.8082098482673724
431,0.8184326198414179
432,0.8286351487751258
433,0.8388174167499922
434,0.8489928455732262
435,0.8591597997972532
436,0.8693070137486432
437,0.8792460168713867
438,0.8890000047613144
439,0.8985223773643082
440,0.9085498938229039
441,0.9193189207654664
442,0.9263773761205788
443,0.9324821178482015
444,0.9385901468338178
445,0.9447014696558595
446,0.9508160807968625
447,0.956933984719861
448,0.9631905503718942
449,0.9697833692279862
450,0.9763797418741575
451,0.9829796683104075
452,0.9861496389435217
453,0.9884022880889156
454,0.9906580144747572
455,0.9929168197580236
456,0.9951787055956912
457,0.997443673644737
458,0.9997117222406037
459,1.0
460,0.9977903786242549
461,0.9955489478697119
462,0.9933001174245701
463,0.9913173750340563
464,0.9895080929489024
465,0.9876884709952544
466,0.9858585004880368
467,0.9821662793553048
468,0.9765576505107821
469,0.9709266314288649
470,0.9652732029806362
471,0.9595973529255909
472,0.953899072274897
473,0.9481483829636923
474,0.9397764059040505
475,0.9313593715150608
476,0.922907523882301
477,0.9144195033732
478,0.9059127836449059
479,0.897387354474785
480,0.8888432118681739
481,0.8801604120323038
482,0.8682571556652173
483,0.8563284856288012
484,0.8443743889544079
485,0.8323948527987595
486,0.8203898670977142
487,0.8083594180996203
488,0.7963034956864588
489,0.784222086160547
490,0.7707839443998269
491,0.754862025724262
492,0.7388122339084072
493,0.7227383939378804
494,0.7066404974327168
495,0.6904141474411932
496,0.6739798939763051
497,0.6563491389828612
498,0.6385070725595416
499,0.62065417555042
500,0.602640442275836
501,0.5845691286607252
502,0.5661985877791345
503,0.5439677373296894
504,0.5217390415853798
505,0.4995125066905383
506,0.47728813931857317
507,0.45512444799198154
508,0.4377600707952979
509,0.42039739570976814
510,0.4028417943232827
511,0.3852638131405076
512,0.3676770006269788
513,0.3508694744303453
514,0.336754143853861
515,0.32266184745379295
516,0.3085925817784266
517,0.29454635373407134
518,0.28379869715472933
519,0.2734666413040162
520,0.26315147374133085
521,0.2528532013499375
522,0.23749847994841625
523,0.21868692044486898
524,0.20479526769295286
525,0.19092665254900276
526,0.17708107158146874
527,0.16325852479035077
528,0.1530982221641034
529,0.14403429601560677
530,0.13498544678541086
531,0.12591856285013586
532,0.11682759054438326
533,0.10776307018090583
534,0.09872500500984838
535,0.08971338824126394
536,0.08399147972788065
537,0.07900503133229786
538,0.0740331280489106
539,0.06907577662723384
540,0.06413297368998312
541,0.059204715880089916
542,0.05429100991674523
543,0.05076895414994802
544,0.048182066633838755
545,0.045607137367088706
546,0.04304415978950099
547,0.040493137183802014
548,0.03795406950578015
549,0.035423810616185054
550,0.032903983988554916
551,0.030396858713387903
552,0.02809897781556682
553,0.026633671051205756
554,0.025164007831648957
555,0.023691198431863167
556,0.02222839103872802
557,0.020775578075781672
558,0.019332755302375524
559,0.017899918449742126
560,0.016477063249114028
561,0.015064185431723788
562,0.013661277569176605
563,0.012517530934680714
564,0.011837138400957271
565,0.011156797480547912
566,0.010482477597146626
567,0.009814179282095766
568,0.009151903006639716
569,0.00849564000402467
570,0.007845390760512987
571,0.007201155702321162
572,0.0065560846755655065
573,0.005917722442321369
574,0.0052867365395935905
575,0.005125869750839753
576,0.005093958207754177
577,0.005062055969277822
578,0.0050300876868173425
579,0.0049966428249034476
580,0.00496322504255965
581,0.0049305359708860285
582,0.004897846899212406
583,0.004861495788990365
584,0.004820997056757132
585,0.004780498331170538
586,0.004739999598937304
587,0.004699500866704071
588,0.004659002141117479
589,0.0046185034088842445
590,0.004577061764585377
591,0.004535000168381516
592,0.004492938572177655
593,0.004450876975973795
594,0.004408815379769933
595,0.004366753783566073
596,0.004324692187362212
597,0.004282630591158351
598,0.004240568988307852
599,0.004198513668191756
600,0.004156638664378427
601,0.004114759882809387
602,0.004073387662069863
603,0.004032780312985881
604,0.003992169294347294
605,0.003951554619450088
606,0.003910936274997681
607,0.003870314274287251
608,0.0038296886106703597
609,0.0037890592774973723
610,0.0037484262880672563
611,0.0037077896290804483
612,0.0036671493138371093
613,0.0036265053356873077
614,0.0035858576879799183
615,0.003545206384016894
616,0.003504551410495684
617,0.0034638927807194362
618,0.0034232304880367254
619,0.003382739935374262
620,0.003342354723623118
621,0.0033019658811378623
622,0.0032615733946123643
623,0.00322117727069954
624,0.00318077750939939
625,0.0031403741173663233
626,0.0030999670812918204
627,0.003059556407829991
628,0.0030191420969808355
629,0.0029787241553999575
630,0.002938302569776449
631,0.002897877346765615
632,0.002857448486367454
633,0.002813133911115519
634,0.0027683139046388804
635,0.002723489874329676
636,0.0026786618068734163
637,0.0026338297089271976
638,0.0025889935804910185
639,0.002544153428223468
640,0.0025003213495523595
641,0.002459376496054629
642,0.002418427955323125
643,0.002377475740676513
644,0.00233651983879553
645,0.0022955602630000374
646,0.0022545969999695757
647,0.0022136300630252
648,0.0021726594455065335
649,0.0021316851407520024
650,0.0020919454573431347
651,0.00205457792063822
652,0.0020171591461543
653,0.0019796970979046877
654,0.0019422350429927665
655,0.001904772988080845
656,0.0018673109398312326
657,0.001829848884919311
658,0.0017923868300073894
659,0.0017549247750954678
660,0.001717462726845856
661,0.0016800006719339341
662,0.001642538617022012
663,0.0016050765687724003
664,0.001570473051178227
665,0.0015377069120249972
666,0.0015049407662094578
667,0.0014721746270562285
668,0.001439408481240689
669,0.0014066423420874595
670,0.00137387619627192
671,0.0013411100571186906
672,0.0013083439113031512
673,0.0012798007505207482
674,0.001255254412803709
675,0.0011845131963975153
676,0.0011155682807200483
677,0.0010484210618437178
678,0.0009830701701521963
679,0.0009195169541818444
680,0.0008577600811001531
681,0.0007978008621476539
682,0.0007395055537901226
683,0.0006827094979350095
684,0.000627762530998779
685,0.0005746634614892475
686,0.0005234134531579205
687,0.00047401137332204064
688,0.00042645832333961344
689,0.0003807532262652386
690,0.00033689713488771467
691,0.00029488902415892156
692,0.0002547001021007009
693,0.00021750352805797833
694,0.0001825148436475682
695,0.00014883353697674997
696,0.00011645786247976526
697,8.538786146120719e-05
698,5.5621827506033695e-05
699,2.7145497133329835e-05
700,0.0
701,0.0
702,0.0
703,0.0
704,0.0
705,0.0
706,0.0
707,0.0
708,0.0
709,0.0
710,0.0
711,0.0
712,0.0
713,0.0
714,0.0
715,0.0
716,0.0
717,0.0
718,0.0
719,0.0
720,0.0
721,0.0
722,0.0
723,0.0
724,0.0
725,0.0
726,0.0
727,0.0
728,0.0
729,0.0
730,0.0
731,0.0
732,0.0
733,0.0
734,0.0
735,0.0
736,0.0
737,0.0
738,0.0
739,0.0
740,0.0
741,0.0
742,0.0
743,0.0
744,0.0
745,0.0
746,0.0
747,0.0
748,0.0
749,0.0
750,0.0
751,0.0
752,0.0
753,0.0
754,0.0
755,0.0
756,0.0
757,0.0
758,0.0
759,0.0
760,0.0
761,0.0
762,0.0
763,0.0
764,0.0
765,0.0
766,0.0
767,0.0
768,0.0
769,0.0
770,0.0
771,0.0
772,0.0
773,0.0
774,0.0
775,0.0
776,0.0
777,0.0
778,0.0
779,0.0
780,0.0
781,0.0
782,0.0
783,0.0
784,0.0
785,0.0
786,0.0
787,0.0
788,0.0
789,0.0
790,0.0
791,0.0
792,0.0
793,0.0
794,0.0
795,0.0
796,0.0
797,0.0
798,0.0
799,0.0
800,0.0
801,0.0
802,0.0
803,0.0
804,0.0
805,0.0
806,0.0
807,0.0
808,0.0
809,0.0
810,0.0
811,0.0
812,0.0
813,0.0
814,0.0
815,0.0
816,0.0
817,0.0
818,0.0
819,0.0
820,0.0
821,0.0
822,0.0
823,0.0
824,0.0
825,0.0
826,0.0
827,0.0
828,0.0
829,0.0
830,0.0
831,0.0
832,0.0
833,0.0
834,0.0
835,0.0
836,0.0
837,0.0
838,0.0
839,0.0
840,0.0
841,0.0
842,0.0
843,0.0
844,0.0
845,0.0
846,0.0
847,0.0
848,0.0
849,0.0
850,0.0
851,0.0
852,0.0
853,0.0
854,0.0
855,0.0
856,0.0
857,0.0
858,0.0
859,0.0
860,0.0
861,0.0
862,0.0
863,0.0
864,0.0
865,0.0
866,0.0
867,0.0
868,0.0
869,0.0
870,0.0
871,0.0
872,0.0
873,0.0
874,0.0
875,0.0
876,0.0
877,0.0
878,0.0
879,0.0
880,0.0
881,0.0
882,0.0
883,0.0
884,0.0
885,0.0
886,0.0
887,0.0
888,0.0
889,0.0
890,0.0
891,0.0
892,0.0
893,0.0
894,0.0
895,0.0
896,0.0
897,0.0
898,0.0
899,0.0
900,0.0
901,0.0
902,0.0
903,0.0
904,0.0
905,0.0
906,0.0
907,0.0
908,0.0
909,0.0
910,0.0
911,0.0
912,0.0
913,0.0
914,0.0
915,0.0
916,0.0
917,0.0
918,0.0
919,0.0
920,0.0
921,0.0
922,0.0
923,0.0
924,0.0
925,0.0
926,0.0
927,0.0
928,0.0
929,0.0
930,0.0
931,0.0
932,0.0
933,0.0
934,0.0
935,0.0
936,0.0
937,0.0
938,0.0
939,0.0
940,0.0
941,0.0
942,0.0
943,0.0
944,0.0
945,0.0
946,0.0
947,0.0
948,0.0
949,0.0
950,0.0
951,0.0
952,0.0
953,0.0
954,0.0
955,0.0
956,0.0
957,0.0
958,0.0
959,0.0
960,0.0
961,0.0
962,0.0
963,0.0
964,0.0
965,0.0
966,0.0
967,0.0
968,0.0
969,0.0
970,0.0
971,0.0
972,0.0
973,0.0
974,0.0
975,0.0
976,0.0
977,0.0
978,0.0
979,0.0
980,0.0
981,0.0
982,0.0
983,0.0
984,0.0
985,0.0
986,0.0
987,0.0
988,0.0
989,0.0
990,0.0
991,0.0
992,0.0
993,0.0
994,0.0
995,0.0
996,0.0
997,0.0
998,0.0
999,0.0
1000,0.0
1001,0.0
1002,0.0
1003,0.0
1004,0.0
1005,0.0
1006,0.0
1007,0.0
1008,0.0
1009,0.0
1010,0.0
1011,0.0
1012,0.0
1013,0.0
1014,0.0
1015,0.0
1016,0.0
1017,0.0
1018,0.0
1019,0.0
1020,0.0
1021,0.0
1022,0.0
1023,0.0
1024,0.0
1025,0.0
1026,0.0
1027,0.0
1028,0.0
1029,0.0
1030,0.0
1031,0.0
1032,0.0
1033,0.0
1034,0.0
1035,0.0
1036,0.0
1037,0.0
1038,0.0
1039,0.0
1040,0.0
1041,0.0
1042,0.0
1043,0.0
1044,0.0
1045,0.0
1046,0.0
1047,0.0
1048,0.0
1049,0.0
1050,0.0
1051,0.0
1052,0.0
1053,0.0
1054,0.0
1055,0.0
1056,0.0
1057,0.0
1058,0.0
1059,0.0
1060,0.0
1061,0.0
1062,0.0
1063,0.0
1064,0.0
1065,0.0
1066,0.0
1067,0.0
1068,0.0
1069,0.0
1070,0.0
1071,0.0
1072,0.0
1073,0.0
1074,0.0
1075,0.0
1076,0.0
1077,0.0
1078,0.0
1079,0.0
1080,0.0
1081,0.0
1082,0.0
1083,0.0
1084,0.0
1085,0.0
1086,0.0
1087,0.0
1088,0.0
1089,0.0
1090,0.0
1091,0.0
1092,0.0
1093,0.0
1094,0.0
1095,0.0
1096,0.0
1097,0.0
1098,0.0
1099,0.0
1100,0.0
