Wavelengths,HRCG
380,4.1028339597648003e-22
381,1.1752285788262185e-21
382,3.3590457299216224e-21
383,9.905511142617201e-21
384,2.9031768708043005e-20
385,8.464066981346374e-20
386,2.4563702177017197e-19
387,7.100067314859032e-19
388,2.0449708313741196e-18
389,5.9502112655076276e-18
390,1.7611335745991995e-17
391,5.177869845856437e-17
392,1.5136704243811393e-16
393,4.4032085413428025e-16
394,1.275372876586771e-15
395,3.680090087817966e-15
396,1.05832422934603e-14
397,3.0344078316970273e-14
398,8.676734737352791e-14
399,2.4750209677043456e-13
400,6.827676429429983e-13
401,1.8375406754342495e-12
402,4.9448981643152715e-12
403,1.3305562510961401e-11
404,3.579840763160404e-11
405,9.630477949760003e-11
406,2.5905060646088493e-10
407,6.967436898974836e-10
408,1.8737520387798656e-09
409,5.038493501348716e-09
410,1.3546830090402151e-08
411,3.641848105685317e-08
412,9.789302182037976e-08
413,2.6310279138566557e-07
414,7.070333886445152e-07
415,1.899716746275753e-06
416,5.103373803672663e-06
417,1.3705890928813363e-05
418,3.6817843260863484e-05
419,9.897805500217401e-05
420,0.00026534920165231557
421,0.0007062060442342788
422,0.0018439577576388009
423,0.004589065330702707
424,0.010250706654626853
425,0.018866051700097336
426,0.02730444613279699
427,0.032559791671481514
428,0.034848369273375875
429,0.035549348174838256
430,0.03597892738869905
431,0.03636685274454872
432,0.03665921394929573
433,0.03691590724793947
434,0.037159350992390025
435,0.037397884624700485
436,0.037634599589633735
437,0.03787064379600677
438,0.038106436013606006
439,0.03834213592953647
440,0.03857780434091255
441,0.03881345743949294
442,0.0390491058561832
443,0.0392847525399056
444,0.0395204012466156
445,0.03975604705151676
446,0.03999169276855587
447,0.04022734111748729
448,0.040462986789976035
449,0.04076641768871326
450,0.041126888254800584
451,0.04148736148468836
452,0.04184783471435022
453,0.042208307943928255
454,0.04256878117347517
455,0.04292925173860148
456,0.04328972496813258
457,0.04365019819766207
458,0.04401067142719097
459,0.04437114199231062
460,0.044731615221839216
461,0.04512968859191645
462,0.045959457509904156
463,0.046789229092300905
464,0.04761900067469765
465,0.04844877225709439
466,0.04927854383949114
467,0.05010831275747883
468,0.050938084339875574
469,0.05176785592227232
470,0.05259762750466907
471,0.05342739908706581
472,0.05455169977494216
473,0.056437389986883274
474,0.05832308286323344
475,0.060208775739583595
476,0.06209446861593376
477,0.06398016149228392
478,0.06586585436863408
479,0.0677515445805752
480,0.06963723745692536
481,0.07644162394602039
482,0.08339642964817337
483,0.09035123535032634
484,0.09730603838807024
485,0.10426084409022322
486,0.11121564979237619
487,0.11817045549452915
488,0.12512526119668213
489,0.13208006423442606
490,0.13903486993657901
491,0.16595211034865376
492,0.1928693507607285
493,0.21978659117280322
494,0.24670383158487796
495,0.2736210719969527
496,0.3005383124090274
497,0.32745555282110217
498,0.3543727932331769
499,0.3812900336452516
500,0.4086066156861125
501,0.44898167698150887
502,0.48935674094131426
503,0.5297318022367106
504,0.5636439157342695
505,0.5948676564843273
506,0.626091399898794
507,0.6573151433132608
508,0.6945801305116012
509,0.736749570056301
510,0.7773482631966994
511,0.7930506515404683
512,0.8087530425486462
513,0.824455430892415
514,0.8401578192361839
515,0.8559600429871493
516,0.8730082163501003
517,0.8900563870486422
518,0.9071045577471842
519,0.924152728445726
520,0.9402225121537418
521,0.946280128731243
522,0.9523377479731534
523,0.9583953645506545
524,0.9644529811281558
525,0.9705105977056571
526,0.9765682142831583
527,0.9826258308606595
528,0.9886834501025699
529,0.9947410666800711
530,1.0
531,0.9993287048036358
532,0.9986574122716808
533,0.9979861170753167
534,0.9973148245433617
535,0.9966435320114067
536,0.9959722368150427
537,0.9953009442830876
538,0.9946296490867234
539,0.9939583565547684
540,0.9922288060421209
541,0.9844248664969868
542,0.9766209269518527
543,0.9688169900711276
544,0.9610130505259935
545,0.9532091109808594
546,0.9454051714357252
547,0.9376012318905911
548,0.9297972923454569
549,0.9180002029533664
550,0.9054411645113097
551,0.8930378741004162
552,0.8809274315528902
553,0.868816989005364
554,0.8567065464578378
555,0.8445961039103117
556,0.8324856640271947
557,0.8203752214796685
558,0.8082647789321424
559,0.7961320885690281
560,0.7834448813939109
561,0.7707576768832028
562,0.7580704697080856
563,0.7453832651973775
564,0.7326960606866695
565,0.7200088535115522
566,0.7073216490008442
567,0.6946344418257271
568,0.6819472373150188
569,0.6692600301399018
570,0.6565728256291936
571,0.6439377236375069
572,0.6313786878598594
573,0.6188196520822119
574,0.6062606163045645
575,0.593701580526917
576,0.5820403973117754
577,0.5716121827077156
578,0.5611839681036559
579,0.550755753499596
580,0.5403275388955363
581,0.5298993269558856
582,0.5194711123518257
583,0.5077400443516465
584,0.49562960180412036
585,0.4835191592565942
586,0.4725552732057599
587,0.46298686340293643
588,0.45341845626452204
589,0.4438500464616986
590,0.4342816366588752
591,0.4247132268560517
592,0.41514481971763734
593,0.4055764099148139
594,0.3941887762482726
595,0.38275122487813296
596,0.37131367617240246
597,0.35987612480226283
598,0.34843857343212326
599,0.3370010220619837
600,0.326485950387222
601,0.3178745430278695
602,0.3092631330041079
603,0.30065172564475545
604,0.2920403182854029
605,0.2834289082616413
606,0.2748175009022888
607,0.2662060935429363
608,0.25752439907277924
609,0.2449653632951318
610,0.23240632751748433
611,0.22455952562392292
612,0.22097237043515658
613,0.2173852152463902
614,0.2137980600576238
615,0.21021090486885743
616,0.20662374968009106
617,0.20303659449132466
618,0.19944943930255832
619,0.195862286778201
620,0.19227513158943463
621,0.19008194459315547
622,0.18900691682188672
623,0.18793188905061795
624,0.1868568586149401
625,0.1857818308436713
626,0.18470680307240253
627,0.18363177530113375
628,0.18255674752986498
629,0.18148171709418717
630,0.1804066893229184
631,0.17933166155164962
632,0.17825663378038084
633,0.177181603344703
634,0.17610657557343426
635,0.17503154780216548
636,0.1739565200308967
637,0.17288149225962793
638,0.1718064618239501
639,0.1707314340526813
640,0.1696564062814124
641,0.16858137851014354
642,0.1675063507388742
643,0.16643132030319505
644,0.16535629253192272
645,0.16428126476064425
646,0.16320623698934936
647,0.16213120655360092
648,0.1610561787821415
649,0.1599811510103581
650,0.15839496435421516
651,0.15624331016254753
652,0.15409165596466418
653,0.15194000175012465
654,0.14978834749096087
655,0.14763669311226785
656,0.14548504107788668
657,0.14333338552207614
658,0.14118172767223608
659,0.13903006368333015
660,0.13687838326971857
661,0.13472665892407848
662,0.1325748171024378
663,0.1304226612327002
664,0.12826966606767434
665,0.12611442861508726
666,0.1239532029728246
667,0.1217759945302098
668,0.11955617052161188
669,0.11722297075549677
670,0.11458978337442963
671,0.1125180873540793
672,0.10894921856401674
673,0.10055887265566946
674,0.08331332826938559
675,0.05687857216322513
676,0.03053875480984996
677,0.013511204496399766
678,0.005365801480102781
679,0.002031279108658603
680,0.0007544845050212674
681,0.0002782306006557085
682,0.00010286720617353956
683,3.8015508192632894e-05
684,1.4043640364445036e-05
685,5.187207330244301e-06
686,1.9158404967698063e-06
687,7.075718296728362e-07
688,2.6131971990665104e-07
689,9.650863705493952e-08
690,3.5641276830377285e-08
691,1.3162357953790105e-08
692,4.919003259359828e-09
693,1.8394372637162166e-09
694,6.876675885670801e-10
695,2.5701678245326646e-10
696,9.603669485858064e-11
697,3.587641376716328e-11
698,1.3399233381706507e-11
699,5.003262470924485e-12
700,1.867812443051644e-12
701,7.128883381764827e-13
702,2.7327228950768545e-13
703,1.0457496355733991e-13
704,3.99745265699695e-14
705,1.523235820542474e-14
706,5.809549043825518e-15
707,2.2104913349848175e-15
708,8.416828959017565e-16
709,3.31037803775791e-16
710,1.2803794090644536e-16
711,4.3978901798989686e-17
712,0.0
713,0.0
714,0.0
715,0.0
716,0.0
717,0.0
718,0.0
719,0.0
720,0.0
721,0.0
722,0.0
723,0.0
724,0.0
725,0.0
726,0.0
727,0.0
728,0.0
729,0.0
730,0.0
731,0.0
732,0.0
733,0.0
734,0.0
735,0.0
736,0.0
737,0.0
738,0.0
739,0.0
740,0.0
741,0.0
742,0.0
743,0.0
744,0.0
745,0.0
746,0.0
747,0.0
748,0.0
749,0.0
750,0.0
751,0.0
752,0.0
753,0.0
754,0.0
755,0.0
756,0.0
757,0.0
758,0.0
759,0.0
760,0.0
761,0.0
762,0.0
763,0.0
764,0.0
765,0.0
766,0.0
767,0.0
768,0.0
769,0.0
770,0.0
771,0.0
772,0.0
773,0.0
774,0.0
775,0.0
776,0.0
777,0.0
778,0.0
779,0.0
780,0.0
781,0.0
782,0.0
783,0.0
784,0.0
785,0.0
786,0.0
787,0.0
788,0.0
789,0.0
790,0.0
791,0.0
792,0.0
793,0.0
794,0.0
795,0.0
796,0.0
797,0.0
798,0.0
799,0.0
800,0.0
801,0.0
802,0.0
803,0.0
804,0.0
805,0.0
806,0.0
807,0.0
808,0.0
809,0.0
810,0.0
811,0.0
812,0.0
813,0.0
814,0.0
815,0.0
816,0.0
817,0.0
818,0.0
819,0.0
820,0.0
821,0.0
822,0.0
823,0.0
824,0.0
825,0.0
826,0.0
827,0.0
828,0.0
829,0.0
830,0.0
831,0.0
832,0.0
833,0.0
834,0.0
835,0.0
836,0.0
837,0.0
838,0.0
839,0.0
840,0.0
841,0.0
842,0.0
843,0.0
844,0.0
845,0.0
846,0.0
847,0.0
848,0.0
849,0.0
850,0.0
851,0.0
852,0.0
853,0.0
854,0.0
855,0.0
856,0.0
857,0.0
858,0.0
859,0.0
860,0.0
861,0.0
862,0.0
863,0.0
864,0.0
865,0.0
866,0.0
867,0.0
868,0.0
869,0.0
870,0.0
871,0.0
872,0.0
873,0.0
874,0.0
875,0.0
876,0.0
877,0.0
878,0.0
879,0.0
880,0.0
881,0.0
882,0.0
883,0.0
884,0.0
885,0.0
886,0.0
887,0.0
888,0.0
889,0.0
890,0.0
891,0.0
892,0.0
893,0.0
894,0.0
895,0.0
896,0.0
897,0.0
898,0.0
899,0.0
900,0.0
901,0.0
902,0.0
903,0.0
904,0.0
905,0.0
906,0.0
907,0.0
908,0.0
909,0.0
910,0.0
911,0.0
912,0.0
913,0.0
914,0.0
915,0.0
916,0.0
917,0.0
918,0.0
919,0.0
920,0.0
921,0.0
922,0.0
923,0.0
924,0.0
925,0.0
926,0.0
927,0.0
928,0.0
929,0.0
930,0.0
931,0.0
932,0.0
933,0.0
934,0.0
935,0.0
936,0.0
937,0.0
938,0.0
939,0.0
940,0.0
941,0.0
942,0.0
943,0.0
944,0.0
945,0.0
946,0.0
947,0.0
948,0.0
949,0.0
950,0.0
951,0.0
952,0.0
953,0.0
954,0.0
955,0.0
956,0.0
957,0.0
958,0.0
959,0.0
960,0.0
961,0.0
962,0.0
963,0.0
964,0.0
965,0.0
966,0.0
967,0.0
968,0.0
969,0.0
970,0.0
971,0.0
972,0.0
973,0.0
974,0.0
975,0.0
976,0.0
977,0.0
978,0.0
979,0.0
980,0.0
981,0.0
982,0.0
983,0.0
984,0.0
985,0.0
986,0.0
987,0.0
988,0.0
989,0.0
990,0.0
991,0.0
992,0.0
993,0.0
994,0.0
995,0.0
996,0.0
997,0.0
998,0.0
999,0.0
1000,0.0
1001,0.0
1002,0.0
1003,0.0
1004,0.0
1005,0.0
1006,0.0
1007,0.0
1008,0.0
1009,0.0
1010,0.0
1011,0.0
1012,0.0
1013,0.0
1014,0.0
1015,0.0
1016,0.0
1017,0.0
1018,0.0
1019,0.0
1020,0.0
1021,0.0
1022,0.0
1023,0.0
1024,0.0
1025,0.0
1026,0.0
1027,0.0
1028,0.0
1029,0.0
1030,0.0
1031,0.0
1032,0.0
1033,0.0
1034,0.0
1035,0.0
1036,0.0
1037,0.0
1038,0.0
1039,0.0
1040,0.0
1041,0.0
1042,0.0
1043,0.0
1044,0.0
1045,0.0
1046,0.0
1047,0.0
1048,0.0
1049,0.0
1050,0.0
1051,0.0
1052,0.0
1053,0.0
1054,0.0
1055,0.0
1056,0.0
1057,0.0
1058,0.0
1059,0.0
1060,0.0
1061,0.0
1062,0.0
1063,0.0
1064,0.0
1065,0.0
1066,0.0
1067,0.0
1068,0.0
1069,0.0
1070,0.0
1071,0.0
1072,0.0
1073,0.0
1074,0.0
1075,0.0
1076,0.0
1077,0.0
1078,0.0
1079,0.0
1080,0.0
1081,0.0
1082,0.0
1083,0.0
1084,0.0
1085,0.0
1086,0.0
1087,0.0
1088,0.0
1089,0.0
1090,0.0
1091,0.0
1092,0.0
1093,0.0
1094,0.0
1095,0.0
1096,0.0
1097,0.0
1098,0.0
1099,0.0
1100,0.0
